time,temperature_2m_max,temperature_2m_min,precipitation_sum,relative_humidity_2m_mean,windspeed_10m_max,district
2020-04-01,21.0,10.0,0.0,64,11.2,Pauri_Garhwal
2020-04-02,19.3,9.7,1.2,53,10.9,Pauri_Garhwal
2020-04-03,20.1,9.0,0.0,54,7.6,Pauri_Garhwal
2020-04-04,21.8,10.2,0.1,52,9.8,Pauri_Garhwal
2020-04-05,21.4,12.7,0.0,47,8.7,Pauri_Garhwal
2020-04-06,22.0,11.9,0.0,52,11.2,Pauri_Garhwal
2020-04-07,22.2,11.5,0.1,47,11.1,Pauri_Garhwal
2020-04-08,19.9,11.4,5.4,50,9.1,Pauri_Garhwal
2020-04-09,23.0,11.4,0.0,49,9.2,Pauri_Garhwal
2020-04-10,22.7,13.4,0.8,51,8.7,Pauri_Garhwal
2020-04-11,23.8,14.6,0.0,45,9.0,Pauri_Garhwal
2020-04-12,25.8,14.6,0.0,52,7.7,Pauri_Garhwal
2020-04-13,26.4,16.5,0.0,57,9.4,Pauri_Garhwal
2020-04-14,24.2,15.5,0.0,60,9.8,Pauri_Garhwal
2020-04-15,25.0,15.3,0.0,58,12.0,Pauri_Garhwal
2020-04-16,24.9,16.2,0.0,49,10.9,Pauri_Garhwal
2020-04-17,21.3,13.9,1.0,56,9.6,Pauri_Garhwal
2020-04-18,22.1,12.4,1.4,63,8.0,Pauri_Garhwal
2020-04-19,21.2,12.2,8.2,58,10.6,Pauri_Garhwal
2020-04-20,21.4,12.2,9.4,61,12.0,Pauri_Garhwal
2020-04-21,19.2,10.8,3.1,74,9.8,Pauri_Garhwal
2020-04-22,20.1,11.9,0.2,62,8.4,Pauri_Garhwal
2020-04-23,21.6,12.4,1.6,67,10.1,Pauri_Garhwal
2020-04-24,22.2,14.3,0.3,64,9.8,Pauri_Garhwal
2020-04-25,23.1,13.1,2.0,67,10.9,Pauri_Garhwal
2020-04-26,19.8,12.4,1.3,75,5.6,Pauri_Garhwal
2020-04-27,19.7,11.8,6.8,81,7.4,Pauri_Garhwal
2020-04-28,20.6,11.5,1.7,77,7.7,Pauri_Garhwal
2020-04-29,19.9,13.1,3.7,81,9.1,Pauri_Garhwal
2020-04-30,21.3,13.3,8.4,83,7.1,Pauri_Garhwal
2020-05-01,23.0,15.5,4.4,73,9.1,Pauri_Garhwal
2020-05-02,22.1,13.7,8.3,88,5.9,Pauri_Garhwal
2020-05-03,21.4,14.1,6.8,78,6.8,Pauri_Garhwal
2020-05-04,22.7,14.0,4.8,79,6.6,Pauri_Garhwal
2020-05-05,22.2,13.2,4.5,73,7.9,Pauri_Garhwal
2020-05-06,20.8,12.3,4.2,73,8.2,Pauri_Garhwal
2020-05-07,21.1,11.2,0.7,66,10.9,Pauri_Garhwal
2020-05-08,23.5,13.0,0.0,64,9.1,Pauri_Garhwal
2020-05-09,23.6,14.9,0.1,65,13.4,Pauri_Garhwal
2020-05-10,22.1,15.2,6.9,73,8.6,Pauri_Garhwal
2020-05-11,23.0,15.4,0.7,65,7.7,Pauri_Garhwal
2020-05-12,23.3,12.8,2.0,73,10.6,Pauri_Garhwal
2020-05-13,23.6,15.2,0.0,71,7.2,Pauri_Garhwal
2020-05-14,24.9,15.4,2.4,69,10.5,Pauri_Garhwal
2020-05-15,26.8,16.8,0.0,55,10.4,Pauri_Garhwal
2020-05-16,27.1,16.7,0.0,52,10.1,Pauri_Garhwal
2020-05-17,27.8,17.0,0.0,50,10.9,Pauri_Garhwal
2020-05-18,26.3,17.8,0.0,40,12.2,Pauri_Garhwal
2020-05-19,26.5,17.0,0.0,34,9.5,Pauri_Garhwal
2020-05-20,27.7,16.9,0.0,36,7.9,Pauri_Garhwal
2020-05-21,28.6,17.1,0.0,45,10.8,Pauri_Garhwal
2020-05-22,28.9,17.8,0.0,48,11.0,Pauri_Garhwal
2020-05-23,28.8,19.6,0.0,50,12.5,Pauri_Garhwal
2020-05-24,29.2,20.2,0.0,39,9.1,Pauri_Garhwal
2020-05-25,29.9,19.8,0.0,40,9.4,Pauri_Garhwal
2020-05-26,30.4,21.1,0.0,37,10.2,Pauri_Garhwal
2020-05-27,30.3,20.8,0.0,37,8.1,Pauri_Garhwal
2020-05-28,26.6,18.3,2.0,57,9.7,Pauri_Garhwal
2020-05-29,22.6,16.2,8.4,76,9.2,Pauri_Garhwal
2020-05-30,22.4,14.8,36.7,82,10.5,Pauri_Garhwal
2020-05-31,21.2,14.8,16.6,83,7.2,Pauri_Garhwal
2020-06-01,22.1,14.9,11.3,84,8.1,Pauri_Garhwal
2020-06-02,23.9,14.7,0.6,67,8.3,Pauri_Garhwal
2020-06-03,23.6,15.0,10.5,72,5.7,Pauri_Garhwal
2020-06-04,22.8,14.5,6.8,76,4.3,Pauri_Garhwal
2020-06-05,22.4,15.1,10.5,77,5.7,Pauri_Garhwal
2020-06-06,23.2,15.9,2.2,77,8.8,Pauri_Garhwal
2020-06-07,24.3,15.2,0.2,74,9.7,Pauri_Garhwal
2020-06-08,25.5,16.4,1.1,76,7.7,Pauri_Garhwal
2020-06-09,25.9,17.6,1.5,76,7.7,Pauri_Garhwal
2020-06-10,26.6,17.7,3.9,78,8.9,Pauri_Garhwal
2020-06-11,26.2,17.8,4.8,82,7.4,Pauri_Garhwal
2020-06-12,26.1,18.7,5.7,81,9.1,Pauri_Garhwal
2020-06-13,26.3,18.6,5.9,82,8.9,Pauri_Garhwal
2020-06-14,26.8,18.3,3.1,79,8.6,Pauri_Garhwal
2020-06-15,26.1,18.1,2.0,80,8.0,Pauri_Garhwal
2020-06-16,26.9,18.1,2.0,74,7.9,Pauri_Garhwal
2020-06-17,25.3,18.1,4.4,84,8.2,Pauri_Garhwal
2020-06-18,25.4,19.3,8.2,84,8.9,Pauri_Garhwal
2020-06-19,26.4,19.2,9.1,85,7.2,Pauri_Garhwal
2020-06-20,26.5,19.0,8.5,85,10.1,Pauri_Garhwal
2020-06-21,25.6,17.9,4.5,86,11.2,Pauri_Garhwal
2020-06-22,25.9,17.2,5.3,83,8.2,Pauri_Garhwal
2020-06-23,25.7,18.5,25.5,86,9.2,Pauri_Garhwal
2020-06-24,24.4,18.8,15.7,89,5.0,Pauri_Garhwal
2020-06-25,25.5,18.3,6.8,85,9.1,Pauri_Garhwal
2020-06-26,25.6,18.7,5.2,84,9.4,Pauri_Garhwal
2020-06-27,26.4,19.1,5.6,83,10.8,Pauri_Garhwal
2020-06-28,27.4,18.7,7.6,83,11.5,Pauri_Garhwal
2020-06-29,25.1,20.0,10.3,90,8.8,Pauri_Garhwal
2020-06-30,25.2,19.5,21.1,92,6.4,Pauri_Garhwal
2021-04-01,22.0,11.2,0.0,34,15.6,Pauri_Garhwal
2021-04-02,22.4,11.0,0.0,26,18.2,Pauri_Garhwal
2021-04-03,22.7,8.8,0.0,23,13.4,Pauri_Garhwal
2021-04-04,25.4,11.4,0.0,25,10.1,Pauri_Garhwal
2021-04-05,25.5,14.9,0.4,36,16.6,Pauri_Garhwal
2021-04-06,24.0,13.6,1.8,44,15.3,Pauri_Garhwal
2021-04-07,21.8,12.6,3.1,56,15.3,Pauri_Garhwal
2021-04-08,25.0,11.1,0.2,46,11.0,Pauri_Garhwal
2021-04-09,24.9,12.3,0.0,31,9.7,Pauri_Garhwal
2021-04-10,26.0,15.9,0.0,25,10.9,Pauri_Garhwal
2021-04-11,25.8,16.4,0.0,23,9.7,Pauri_Garhwal
2021-04-12,24.4,18.1,0.1,25,12.0,Pauri_Garhwal
2021-04-13,27.0,15.5,0.0,27,10.6,Pauri_Garhwal
2021-04-14,28.0,18.0,0.0,26,16.2,Pauri_Garhwal
2021-04-15,27.5,17.2,0.0,27,10.7,Pauri_Garhwal
2021-04-16,27.8,16.7,0.0,30,12.0,Pauri_Garhwal
2021-04-17,20.5,11.0,24.8,70,9.7,Pauri_Garhwal
2021-04-18,21.8,10.1,0.2,54,14.0,Pauri_Garhwal
2021-04-19,24.4,13.7,0.0,44,14.1,Pauri_Garhwal
2021-04-20,23.1,12.6,1.2,41,13.8,Pauri_Garhwal
2021-04-21,18.7,11.1,22.2,73,12.1,Pauri_Garhwal
2021-04-22,17.7,9.3,13.7,80,8.4,Pauri_Garhwal
2021-04-23,18.2,8.2,18.1,73,14.8,Pauri_Garhwal
2021-04-24,21.9,7.2,0.6,68,13.7,Pauri_Garhwal
2021-04-25,25.2,10.9,0.0,46,9.3,Pauri_Garhwal
2021-04-26,26.9,16.9,0.0,36,7.6,Pauri_Garhwal
2021-04-27,27.4,17.9,0.0,36,10.2,Pauri_Garhwal
2021-04-28,28.0,19.5,0.0,32,7.6,Pauri_Garhwal
2021-04-29,25.2,17.9,0.3,38,6.9,Pauri_Garhwal
2021-04-30,26.7,17.1,0.1,44,10.1,Pauri_Garhwal
2021-05-01,24.4,16.1,0.7,56,10.1,Pauri_Garhwal
2021-05-02,25.1,15.8,0.1,59,10.7,Pauri_Garhwal
2021-05-03,23.0,14.8,2.8,71,12.6,Pauri_Garhwal
2021-05-04,24.4,14.6,2.7,70,6.8,Pauri_Garhwal
2021-05-05,22.3,15.4,5.3,70,8.4,Pauri_Garhwal
2021-05-06,22.8,14.9,4.2,74,7.7,Pauri_Garhwal
2021-05-07,20.7,13.8,13.8,74,8.8,Pauri_Garhwal
2021-05-08,23.3,15.1,2.2,64,11.2,Pauri_Garhwal
2021-05-09,22.1,13.4,4.9,70,7.7,Pauri_Garhwal
2021-05-10,22.3,14.3,2.7,69,8.5,Pauri_Garhwal
2021-05-11,23.2,14.0,1.9,77,10.3,Pauri_Garhwal
2021-05-12,22.0,13.7,6.0,76,6.8,Pauri_Garhwal
2021-05-13,20.0,12.0,7.1,80,8.3,Pauri_Garhwal
2021-05-14,23.1,11.5,0.0,63,8.5,Pauri_Garhwal
2021-05-15,24.8,14.6,0.0,57,8.7,Pauri_Garhwal
2021-05-16,26.9,17.6,0.0,47,7.6,Pauri_Garhwal
2021-05-17,27.4,17.7,0.0,44,6.9,Pauri_Garhwal
2021-05-18,25.5,17.1,1.8,70,9.4,Pauri_Garhwal
2021-05-19,17.7,15.5,33.9,92,5.8,Pauri_Garhwal
2021-05-20,17.4,14.8,112.7,92,6.5,Pauri_Garhwal
2021-05-21,24.3,13.6,0.0,73,6.8,Pauri_Garhwal
2021-05-22,25.3,14.7,0.0,63,8.6,Pauri_Garhwal
2021-05-23,25.0,16.0,0.3,63,6.6,Pauri_Garhwal
2021-05-24,25.6,17.0,0.2,60,8.0,Pauri_Garhwal
2021-05-25,27.7,17.0,0.0,53,8.4,Pauri_Garhwal
2021-05-26,27.1,17.6,0.0,52,8.6,Pauri_Garhwal
2021-05-27,27.1,17.5,0.0,62,9.0,Pauri_Garhwal
2021-05-28,25.9,16.9,0.2,76,6.9,Pauri_Garhwal
2021-05-29,25.0,17.7,8.4,84,8.4,Pauri_Garhwal
2021-05-30,25.6,16.2,7.7,83,7.7,Pauri_Garhwal
2021-05-31,25.6,16.4,3.2,79,8.3,Pauri_Garhwal
2021-06-01,23.4,16.4,17.0,77,7.4,Pauri_Garhwal
2021-06-02,24.5,16.1,4.8,69,6.9,Pauri_Garhwal
2021-06-03,25.5,14.5,2.8,70,6.7,Pauri_Garhwal
2021-06-04,26.1,17.4,1.4,67,7.2,Pauri_Garhwal
2021-06-05,26.4,17.5,0.7,63,8.4,Pauri_Garhwal
2021-06-06,27.4,18.3,0.8,66,8.0,Pauri_Garhwal
2021-06-07,27.0,18.9,0.3,65,8.7,Pauri_Garhwal
2021-06-08,28.8,19.3,0.0,67,10.2,Pauri_Garhwal
2021-06-09,27.5,19.7,9.7,78,9.9,Pauri_Garhwal
2021-06-10,25.3,17.9,17.8,88,8.9,Pauri_Garhwal
2021-06-11,24.8,18.0,5.6,85,7.8,Pauri_Garhwal
2021-06-12,23.5,18.0,10.9,88,5.0,Pauri_Garhwal
2021-06-13,25.5,17.1,5.5,80,9.9,Pauri_Garhwal
2021-06-14,25.0,18.1,5.1,84,9.1,Pauri_Garhwal
2021-06-15,25.3,17.0,1.9,81,8.0,Pauri_Garhwal
2021-06-16,25.7,17.5,4.3,84,10.5,Pauri_Garhwal
2021-06-17,24.5,17.2,27.5,88,9.8,Pauri_Garhwal
2021-06-18,20.2,17.8,43.1,94,7.6,Pauri_Garhwal
2021-06-19,20.0,17.3,72.1,96,6.7,Pauri_Garhwal
2021-06-20,22.3,17.2,9.0,87,5.9,Pauri_Garhwal
2021-06-21,25.9,17.9,10.4,83,8.0,Pauri_Garhwal
2021-06-22,26.8,18.1,0.2,80,7.8,Pauri_Garhwal
2021-06-23,26.2,18.5,2.0,81,7.8,Pauri_Garhwal
2021-06-24,25.4,18.2,4.9,83,7.7,Pauri_Garhwal
2021-06-25,25.7,17.8,4.1,80,7.4,Pauri_Garhwal
2021-06-26,25.2,17.9,10.1,81,7.2,Pauri_Garhwal
2021-06-27,26.3,19.0,4.3,81,7.6,Pauri_Garhwal
2021-06-28,26.2,18.9,4.6,83,8.4,Pauri_Garhwal
2021-06-29,27.1,19.9,3.9,80,10.1,Pauri_Garhwal
2021-06-30,28.5,19.2,1.2,68,12.3,Pauri_Garhwal
2022-04-01,28.6,15.7,0.0,39,12.5,Pauri_Garhwal
2022-04-02,28.0,16.2,0.0,40,12.5,Pauri_Garhwal
2022-04-03,28.1,17.0,0.0,25,11.6,Pauri_Garhwal
2022-04-04,27.9,16.5,0.0,25,9.2,Pauri_Garhwal
2022-04-05,28.5,16.4,0.0,32,12.1,Pauri_Garhwal
2022-04-06,28.6,18.3,0.0,31,11.5,Pauri_Garhwal
2022-04-07,28.5,17.7,0.0,33,10.1,Pauri_Garhwal
2022-04-08,28.9,19.3,0.0,31,11.1,Pauri_Garhwal
2022-04-09,28.8,18.9,0.0,31,14.3,Pauri_Garhwal
2022-04-10,29.2,17.9,0.0,32,11.9,Pauri_Garhwal
2022-04-11,29.9,20.6,0.0,33,12.7,Pauri_Garhwal
2022-04-12,29.4,19.9,0.0,35,12.6,Pauri_Garhwal
2022-04-13,29.9,19.4,0.0,41,15.2,Pauri_Garhwal
2022-04-14,25.8,15.1,0.6,39,12.3,Pauri_Garhwal
2022-04-15,26.6,17.8,0.0,31,10.5,Pauri_Garhwal
2022-04-16,26.7,15.2,0.0,31,13.8,Pauri_Garhwal
2022-04-17,27.4,18.1,0.0,34,10.5,Pauri_Garhwal
2022-04-18,29.5,19.6,0.0,33,9.4,Pauri_Garhwal
2022-04-19,29.7,19.4,0.0,29,15.5,Pauri_Garhwal
2022-04-20,29.2,19.0,0.0,30,12.2,Pauri_Garhwal
2022-04-21,27.4,14.8,0.5,44,13.7,Pauri_Garhwal
2022-04-22,26.2,14.1,0.0,47,12.0,Pauri_Garhwal
2022-04-23,27.2,17.1,0.0,34,11.8,Pauri_Garhwal
2022-04-24,27.6,15.8,0.0,32,12.1,Pauri_Garhwal
2022-04-25,28.8,19.3,0.0,26,14.8,Pauri_Garhwal
2022-04-26,28.6,18.7,0.0,28,12.8,Pauri_Garhwal
2022-04-27,29.9,18.7,0.0,32,10.1,Pauri_Garhwal
2022-04-28,30.3,19.6,0.0,31,12.3,Pauri_Garhwal
2022-04-29,29.6,22.2,0.2,28,15.5,Pauri_Garhwal
2022-04-30,30.0,22.1,0.0,28,14.1,Pauri_Garhwal
2022-05-01,26.9,17.8,0.1,42,11.6,Pauri_Garhwal
2022-05-02,25.7,17.8,0.7,56,11.2,Pauri_Garhwal
2022-05-03,23.8,17.4,5.8,72,8.4,Pauri_Garhwal
2022-05-04,26.3,17.4,0.9,61,11.5,Pauri_Garhwal
2022-05-05,25.3,15.9,0.7,60,12.0,Pauri_Garhwal
2022-05-06,26.0,16.7,0.0,56,13.2,Pauri_Garhwal
2022-05-07,25.5,17.5,0.6,54,11.6,Pauri_Garhwal
2022-05-08,25.7,16.9,0.5,60,12.3,Pauri_Garhwal
2022-05-09,25.1,16.0,2.2,70,10.1,Pauri_Garhwal
2022-05-10,24.5,15.4,1.8,77,8.5,Pauri_Garhwal
2022-05-11,25.9,15.8,8.4,75,10.1,Pauri_Garhwal
2022-05-12,25.7,16.9,9.7,75,11.4,Pauri_Garhwal
2022-05-13,27.3,17.0,0.8,67,14.5,Pauri_Garhwal
2022-05-14,28.9,18.6,0.0,58,12.3,Pauri_Garhwal
2022-05-15,30.3,19.6,0.0,50,13.7,Pauri_Garhwal
2022-05-16,29.4,18.1,5.5,52,10.6,Pauri_Garhwal
2022-05-17,25.5,17.8,5.7,60,11.2,Pauri_Garhwal
2022-05-18,26.4,17.6,0.3,51,8.2,Pauri_Garhwal
2022-05-19,28.2,18.1,0.1,49,10.8,Pauri_Garhwal
2022-05-20,29.3,19.6,0.6,42,17.9,Pauri_Garhwal
2022-05-21,28.3,18.8,0.0,38,14.6,Pauri_Garhwal
2022-05-22,24.2,14.9,7.7,64,9.7,Pauri_Garhwal
2022-05-23,23.3,13.5,4.5,72,12.8,Pauri_Garhwal
2022-05-24,19.6,14.5,16.7,78,10.2,Pauri_Garhwal
2022-05-25,25.2,14.7,0.5,60,10.6,Pauri_Garhwal
2022-05-26,25.5,14.9,0.0,63,12.3,Pauri_Garhwal
2022-05-27,24.4,16.8,5.7,71,11.0,Pauri_Garhwal
2022-05-28,26.6,15.9,5.0,75,13.2,Pauri_Garhwal
2022-05-29,27.2,16.5,2.3,71,11.4,Pauri_Garhwal
2022-05-30,26.9,17.8,6.9,60,6.6,Pauri_Garhwal
2022-05-31,27.6,19.4,0.0,54,10.1,Pauri_Garhwal
2022-06-01,30.0,19.0,0.0,46,13.4,Pauri_Garhwal
2022-06-02,30.3,20.8,0.0,31,14.1,Pauri_Garhwal
2022-06-03,30.4,21.1,0.0,30,13.0,Pauri_Garhwal
2022-06-04,30.8,21.1,0.0,29,14.4,Pauri_Garhwal
2022-06-05,31.5,21.7,0.0,28,13.3,Pauri_Garhwal
2022-06-06,32.3,21.4,0.0,35,15.0,Pauri_Garhwal
2022-06-07,32.3,22.0,0.0,38,15.9,Pauri_Garhwal
2022-06-08,31.7,21.7,0.0,37,15.7,Pauri_Garhwal
2022-06-09,31.5,22.7,0.0,35,13.3,Pauri_Garhwal
2022-06-10,31.4,22.1,0.2,34,14.2,Pauri_Garhwal
2022-06-11,31.3,21.8,0.0,39,14.4,Pauri_Garhwal
2022-06-12,31.5,21.3,0.0,41,15.4,Pauri_Garhwal
2022-06-13,32.1,22.0,0.0,38,14.2,Pauri_Garhwal
2022-06-14,32.5,21.7,0.0,41,13.7,Pauri_Garhwal
2022-06-15,31.5,20.4,0.0,51,13.4,Pauri_Garhwal
2022-06-16,27.7,19.8,2.7,60,9.3,Pauri_Garhwal
2022-06-17,26.9,17.6,8.0,75,9.7,Pauri_Garhwal
2022-06-18,24.4,17.9,9.2,74,9.1,Pauri_Garhwal
2022-06-19,25.7,18.5,4.7,63,6.8,Pauri_Garhwal
2022-06-20,23.0,16.5,17.9,78,6.2,Pauri_Garhwal
2022-06-21,24.5,15.5,3.2,72,8.9,Pauri_Garhwal
2022-06-22,27.0,16.7,1.3,70,9.3,Pauri_Garhwal
2022-06-23,28.4,18.1,0.0,64,11.5,Pauri_Garhwal
2022-06-24,28.1,17.5,0.3,70,9.6,Pauri_Garhwal
2022-06-25,29.7,18.9,0.0,68,10.5,Pauri_Garhwal
2022-06-26,27.6,20.2,4.3,79,9.5,Pauri_Garhwal
2022-06-27,26.4,19.3,5.7,86,9.0,Pauri_Garhwal
2022-06-28,27.0,20.1,25.1,86,10.5,Pauri_Garhwal
2022-06-29,25.7,20.1,25.5,87,10.8,Pauri_Garhwal
2022-06-30,24.4,19.7,43.9,92,6.0,Pauri_Garhwal
2023-04-01,15.4,8.3,26.9,81,8.2,Pauri_Garhwal
2023-04-02,17.2,9.0,2.1,73,10.9,Pauri_Garhwal
2023-04-03,20.0,10.7,0.2,58,9.5,Pauri_Garhwal
2023-04-04,19.0,10.6,1.0,57,7.3,Pauri_Garhwal
2023-04-05,20.1,10.4,0.0,48,9.0,Pauri_Garhwal
2023-04-06,20.4,11.2,0.1,45,10.6,Pauri_Garhwal
2023-04-07,22.8,11.4,0.0,46,7.2,Pauri_Garhwal
2023-04-08,23.5,12.6,0.0,47,8.6,Pauri_Garhwal
2023-04-09,23.0,13.2,0.0,50,9.8,Pauri_Garhwal
2023-04-10,23.4,12.4,0.0,48,11.2,Pauri_Garhwal
2023-04-11,23.9,14.7,0.0,45,9.7,Pauri_Garhwal
2023-04-12,24.9,14.9,0.0,41,10.1,Pauri_Garhwal
2023-04-13,25.8,14.9,0.0,41,10.5,Pauri_Garhwal
2023-04-14,27.0,15.8,0.0,39,8.8,Pauri_Garhwal
2023-04-15,25.8,15.2,0.0,43,8.6,Pauri_Garhwal
2023-04-16,26.1,16.3,0.0,39,11.3,Pauri_Garhwal
2023-04-17,27.6,17.0,0.0,36,10.3,Pauri_Garhwal
2023-04-18,27.7,18.8,0.0,34,9.8,Pauri_Garhwal
2023-04-19,24.5,15.4,0.8,41,12.4,Pauri_Garhwal
2023-04-20,20.0,11.8,18.6,72,12.1,Pauri_Garhwal
2023-04-21,21.8,10.0,1.1,58,9.3,Pauri_Garhwal
2023-04-22,21.5,11.6,0.0,44,12.0,Pauri_Garhwal
2023-04-23,21.1,14.2,0.5,38,13.7,Pauri_Garhwal
2023-04-24,20.0,11.8,0.1,52,11.2,Pauri_Garhwal
2023-04-25,19.9,11.1,2.9,68,8.1,Pauri_Garhwal
2023-04-26,22.6,11.4,1.2,61,5.9,Pauri_Garhwal
2023-04-27,21.8,13.2,1.9,58,8.6,Pauri_Garhwal
2023-04-28,23.7,14.6,0.0,51,11.3,Pauri_Garhwal
2023-04-29,23.2,13.1,2.7,61,9.4,Pauri_Garhwal
2023-04-30,20.8,11.9,5.4,74,10.6,Pauri_Garhwal
2023-05-01,16.6,12.5,21.1,90,7.8,Pauri_Garhwal
2023-05-02,16.4,10.2,14.0,89,6.5,Pauri_Garhwal
2023-05-03,19.1,10.5,12.0,78,11.5,Pauri_Garhwal
2023-05-04,20.7,12.2,0.8,70,8.0,Pauri_Garhwal
2023-05-05,19.8,11.3,7.3,73,8.3,Pauri_Garhwal
2023-05-06,22.7,14.5,0.8,61,10.6,Pauri_Garhwal
2023-05-07,23.4,15.3,0.7,48,11.5,Pauri_Garhwal
2023-05-08,24.0,14.4,0.7,43,9.2,Pauri_Garhwal
2023-05-09,22.4,13.1,1.1,48,11.0,Pauri_Garhwal
2023-05-10,23.4,14.9,0.0,44,8.0,Pauri_Garhwal
2023-05-11,25.6,14.3,0.0,45,8.1,Pauri_Garhwal
2023-05-12,27.6,17.5,0.0,36,11.8,Pauri_Garhwal
2023-05-13,27.3,18.8,0.0,35,11.3,Pauri_Garhwal
2023-05-14,26.1,18.7,0.3,36,8.2,Pauri_Garhwal
2023-05-15,26.1,17.8,1.4,36,9.0,Pauri_Garhwal
2023-05-16,28.2,17.8,0.0,39,11.0,Pauri_Garhwal
2023-05-17,28.0,19.7,0.0,36,10.8,Pauri_Garhwal
2023-05-18,26.0,15.7,0.0,43,12.9,Pauri_Garhwal
2023-05-19,26.2,15.3,0.0,50,12.5,Pauri_Garhwal
2023-05-20,26.6,17.0,0.1,50,14.0,Pauri_Garhwal
2023-05-21,28.7,16.6,0.0,44,11.3,Pauri_Garhwal
2023-05-22,30.5,19.5,0.0,37,13.4,Pauri_Garhwal
2023-05-23,28.2,20.6,1.4,49,10.8,Pauri_Garhwal
2023-05-24,24.7,15.4,15.5,76,8.5,Pauri_Garhwal
2023-05-25,21.5,14.1,32.8,81,9.5,Pauri_Garhwal
2023-05-26,22.7,15.4,1.3,69,7.2,Pauri_Garhwal
2023-05-27,23.7,13.1,0.5,70,9.2,Pauri_Garhwal
2023-05-28,25.5,15.8,0.0,57,8.0,Pauri_Garhwal
2023-05-29,25.5,15.6,7.6,67,10.7,Pauri_Garhwal
2023-05-30,25.9,14.6,11.0,73,7.6,Pauri_Garhwal
2023-05-31,23.1,15.2,11.5,74,10.1,Pauri_Garhwal
2023-06-01,24.9,14.3,6.9,67,7.6,Pauri_Garhwal
2023-06-02,21.3,15.8,19.1,64,8.6,Pauri_Garhwal
2023-06-03,25.7,16.4,0.1,58,6.3,Pauri_Garhwal
2023-06-04,27.8,17.9,0.0,51,11.6,Pauri_Garhwal
2023-06-05,26.4,17.3,5.6,63,7.9,Pauri_Garhwal
2023-06-06,25.8,16.7,1.8,56,8.4,Pauri_Garhwal
2023-06-07,26.7,16.2,6.9,54,12.6,Pauri_Garhwal
2023-06-08,27.9,18.3,0.2,52,8.4,Pauri_Garhwal
2023-06-09,29.5,18.1,0.0,46,9.8,Pauri_Garhwal
2023-06-10,29.9,17.7,0.0,51,8.7,Pauri_Garhwal
2023-06-11,28.5,17.2,11.6,64,10.0,Pauri_Garhwal
2023-06-12,29.0,18.7,1.6,65,10.7,Pauri_Garhwal
2023-06-13,29.6,20.3,0.0,60,15.5,Pauri_Garhwal
2023-06-14,28.5,19.0,1.2,65,16.2,Pauri_Garhwal
2023-06-15,28.2,18.8,1.0,63,12.9,Pauri_Garhwal
2023-06-16,28.1,18.0,1.7,66,10.9,Pauri_Garhwal
2023-06-17,28.9,20.5,0.5,65,11.7,Pauri_Garhwal
2023-06-18,27.0,20.1,4.7,74,7.5,Pauri_Garhwal
2023-06-19,28.6,18.5,2.1,74,6.6,Pauri_Garhwal
2023-06-20,27.5,19.7,17.8,80,8.7,Pauri_Garhwal
2023-06-21,27.5,18.4,4.9,78,10.5,Pauri_Garhwal
2023-06-22,27.5,18.8,4.1,86,9.8,Pauri_Garhwal
2023-06-23,26.9,20.6,4.6,86,8.9,Pauri_Garhwal
2023-06-24,28.4,20.0,0.5,86,10.9,Pauri_Garhwal
2023-06-25,23.8,19.7,15.8,92,5.8,Pauri_Garhwal
2023-06-26,24.9,18.5,30.4,87,5.2,Pauri_Garhwal
2023-06-27,25.3,18.4,7.0,86,7.6,Pauri_Garhwal
2023-06-28,26.3,19.4,3.2,81,10.5,Pauri_Garhwal
2023-06-29,25.5,18.7,12.9,86,9.1,Pauri_Garhwal
2023-06-30,26.8,19.0,2.6,84,10.9,Pauri_Garhwal
2024-04-01,21.9,11.5,0.0,53,10.2,Pauri_Garhwal
2024-04-02,24.5,11.2,0.0,56,13.0,Pauri_Garhwal
2024-04-03,24.5,12.5,0.0,44,9.9,Pauri_Garhwal
2024-04-04,24.8,14.1,0.0,39,10.7,Pauri_Garhwal
2024-04-05,23.9,13.1,0.0,33,13.7,Pauri_Garhwal
2024-04-06,25.6,12.7,0.1,33,13.7,Pauri_Garhwal
2024-04-07,25.4,13.1,0.0,33,13.4,Pauri_Garhwal
2024-04-08,25.4,11.6,0.0,27,13.4,Pauri_Garhwal
2024-04-09,25.7,12.3,0.1,30,11.2,Pauri_Garhwal
2024-04-10,26.5,13.0,0.0,30,11.2,Pauri_Garhwal
2024-04-11,25.0,15.6,0.0,30,16.7,Pauri_Garhwal
2024-04-12,26.0,12.9,0.0,36,12.7,Pauri_Garhwal
2024-04-13,27.0,14.7,0.0,31,9.7,Pauri_Garhwal
2024-04-14,23.9,15.5,0.7,42,9.6,Pauri_Garhwal
2024-04-15,24.7,15.2,0.0,53,8.4,Pauri_Garhwal
2024-04-16,25.3,14.8,0.1,53,12.5,Pauri_Garhwal
2024-04-17,26.8,13.7,0.0,49,15.5,Pauri_Garhwal
2024-04-18,26.0,14.1,0.0,49,15.5,Pauri_Garhwal
2024-04-19,27.0,15.3,0.4,42,14.0,Pauri_Garhwal
2024-04-20,26.3,15.7,0.0,38,11.0,Pauri_Garhwal
2024-04-21,26.9,15.6,0.0,41,12.7,Pauri_Garhwal
2024-04-22,25.6,14.9,0.4,43,13.4,Pauri_Garhwal
2024-04-23,26.1,13.9,0.4,44,10.4,Pauri_Garhwal
2024-04-24,25.8,14.4,0.0,39,13.7,Pauri_Garhwal
2024-04-25,27.1,15.0,0.0,35,11.0,Pauri_Garhwal
2024-04-26,29.0,16.3,0.0,31,14.1,Pauri_Garhwal
2024-04-27,24.9,15.0,2.9,46,13.0,Pauri_Garhwal
2024-04-28,26.0,14.9,0.0,41,10.5,Pauri_Garhwal
2024-04-29,27.5,15.0,0.0,37,14.5,Pauri_Garhwal
2024-04-30,27.7,12.8,0.0,44,12.7,Pauri_Garhwal
2024-05-01,23.7,12.9,0.0,34,14.8,Pauri_Garhwal
2024-05-02,26.4,10.9,0.0,37,10.2,Pauri_Garhwal
2024-05-03,29.3,14.5,0.0,38,13.0,Pauri_Garhwal
2024-05-04,29.7,18.2,0.5,38,16.6,Pauri_Garhwal
2024-05-05,29.7,18.0,0.0,29,11.7,Pauri_Garhwal
2024-05-06,30.2,18.6,0.0,30,11.9,Pauri_Garhwal
2024-05-07,28.4,18.1,0.0,37,13.0,Pauri_Garhwal
2024-05-08,24.4,17.4,2.5,55,12.7,Pauri_Garhwal
2024-05-09,26.3,16.0,1.0,67,11.4,Pauri_Garhwal
2024-05-10,25.5,16.3,1.3,66,9.7,Pauri_Garhwal
2024-05-11,25.8,15.9,1.2,71,13.7,Pauri_Garhwal
2024-05-12,25.0,16.8,3.9,69,11.9,Pauri_Garhwal
2024-05-13,27.3,18.1,0.0,48,14.1,Pauri_Garhwal
2024-05-14,28.7,18.5,0.0,34,12.7,Pauri_Garhwal
2024-05-15,30.3,18.0,0.0,33,8.4,Pauri_Garhwal
2024-05-16,29.8,19.2,0.0,36,10.5,Pauri_Garhwal
2024-05-17,31.4,20.0,0.0,33,11.9,Pauri_Garhwal
2024-05-18,32.1,21.7,0.0,29,13.0,Pauri_Garhwal
2024-05-19,32.4,21.2,0.0,28,18.0,Pauri_Garhwal
2024-05-20,30.0,20.3,0.1,39,18.0,Pauri_Garhwal
2024-05-21,30.4,20.1,0.3,48,15.1,Pauri_Garhwal
2024-05-22,26.8,17.4,13.2,70,15.3,Pauri_Garhwal
2024-05-23,27.6,18.9,4.0,72,10.2,Pauri_Garhwal
2024-05-24,27.5,17.3,2.0,71,9.3,Pauri_Garhwal
2024-05-25,28.9,19.2,1.9,71,9.8,Pauri_Garhwal
2024-05-26,31.2,21.3,0.0,53,10.6,Pauri_Garhwal
2024-05-27,32.1,21.3,0.0,47,12.9,Pauri_Garhwal
2024-05-28,32.8,20.3,0.0,30,14.8,Pauri_Garhwal
2024-05-29,34.4,22.5,0.0,24,14.8,Pauri_Garhwal
2024-05-30,32.6,22.2,0.1,26,11.7,Pauri_Garhwal
2024-05-31,34.0,20.6,0.0,22,15.5,Pauri_Garhwal
2024-06-01,33.3,23.6,0.0,24,19.4,Pauri_Garhwal
2024-06-02,29.4,19.2,0.8,47,11.0,Pauri_Garhwal
2024-06-03,30.8,19.6,0.3,43,14.8,Pauri_Garhwal
2024-06-04,30.3,20.3,0.2,40,14.4,Pauri_Garhwal
2024-06-05,30.7,21.0,0.3,39,17.3,Pauri_Garhwal
2024-06-06,29.6,20.3,0.0,42,12.3,Pauri_Garhwal
2024-06-07,31.5,20.0,0.0,41,14.5,Pauri_Garhwal
2024-06-08,32.9,20.3,0.0,36,15.1,Pauri_Garhwal
2024-06-09,32.0,19.4,0.0,38,14.3,Pauri_Garhwal
2024-06-10,33.1,21.2,0.0,29,13.9,Pauri_Garhwal
2024-06-11,33.4,21.4,0.0,26,12.1,Pauri_Garhwal
2024-06-12,34.7,22.7,0.0,22,15.4,Pauri_Garhwal
2024-06-13,34.6,23.2,0.0,24,14.8,Pauri_Garhwal
2024-06-14,34.4,24.3,0.0,24,15.3,Pauri_Garhwal
2024-06-15,34.0,23.5,0.0,28,15.2,Pauri_Garhwal
2024-06-16,34.7,22.9,0.0,32,15.2,Pauri_Garhwal
2024-06-17,34.8,24.5,0.0,30,16.6,Pauri_Garhwal
2024-06-18,33.6,24.2,0.0,32,16.2,Pauri_Garhwal
2024-06-19,33.6,23.3,0.3,36,18.8,Pauri_Garhwal
2024-06-20,29.7,21.7,0.5,51,9.8,Pauri_Garhwal
2024-06-21,30.3,19.7,0.5,62,12.7,Pauri_Garhwal
2024-06-22,28.8,20.7,9.7,67,8.7,Pauri_Garhwal
2024-06-23,27.7,20.4,8.7,75,7.9,Pauri_Garhwal
2024-06-24,27.3,20.3,23.8,77,6.1,Pauri_Garhwal
2024-06-25,29.0,21.3,6.0,78,7.4,Pauri_Garhwal
2024-06-26,29.1,20.1,19.6,80,9.8,Pauri_Garhwal
2024-06-27,24.2,19.9,53.4,92,7.7,Pauri_Garhwal
2024-06-28,26.6,19.9,11.5,85,7.7,Pauri_Garhwal
2024-06-29,26.9,19.1,10.1,84,13.1,Pauri_Garhwal
2024-06-30,27.4,19.6,4.3,85,11.6,Pauri_Garhwal
2020-04-01,5.5,-2.9,3.4,71,6.8,Chamoli
2020-04-02,4.9,-3.1,3.7,59,5.2,Chamoli
2020-04-03,6.9,-2.3,0.1,54,5.2,Chamoli
2020-04-04,8.5,-1.8,5.0,59,8.8,Chamoli
2020-04-05,9.0,-1.1,0.6,54,6.6,Chamoli
2020-04-06,9.2,-1.7,2.1,48,9.5,Chamoli
2020-04-07,10.1,0.9,0.0,40,7.2,Chamoli
2020-04-08,8.0,-0.2,4.3,46,7.6,Chamoli
2020-04-09,10.2,0.4,1.4,47,7.1,Chamoli
2020-04-10,9.8,1.1,0.7,50,6.8,Chamoli
2020-04-11,11.3,0.5,0.0,51,8.3,Chamoli
2020-04-12,13.9,2.1,0.0,47,7.6,Chamoli
2020-04-13,14.6,5.0,0.2,47,7.6,Chamoli
2020-04-14,13.0,4.3,0.5,64,8.1,Chamoli
2020-04-15,11.9,5.7,0.3,50,7.6,Chamoli
2020-04-16,11.9,3.8,1.8,51,7.9,Chamoli
2020-04-17,8.5,5.2,4.5,63,6.0,Chamoli
2020-04-18,10.0,2.3,0.8,60,9.1,Chamoli
2020-04-19,7.9,2.0,5.3,64,6.1,Chamoli
2020-04-20,8.8,2.9,5.9,65,6.0,Chamoli
2020-04-21,6.7,0.5,7.2,81,8.3,Chamoli
2020-04-22,7.6,0.6,1.0,73,6.4,Chamoli
2020-04-23,8.6,1.3,2.7,63,7.3,Chamoli
2020-04-24,10.0,1.3,0.6,65,8.7,Chamoli
2020-04-25,10.1,2.8,2.0,71,7.7,Chamoli
2020-04-26,8.4,3.7,9.2,85,9.8,Chamoli
2020-04-27,7.4,2.9,12.4,86,7.1,Chamoli
2020-04-28,9.5,3.0,0.9,72,6.1,Chamoli
2020-04-29,10.8,4.3,0.7,74,7.8,Chamoli
2020-04-30,11.0,4.5,6.6,82,8.6,Chamoli
2020-05-01,12.2,3.3,0.2,76,7.6,Chamoli
2020-05-02,11.8,6.2,2.1,77,6.8,Chamoli
2020-05-03,11.7,5.7,1.3,66,7.0,Chamoli
2020-05-04,11.8,4.7,7.1,82,7.2,Chamoli
2020-05-05,11.1,2.9,7.1,75,8.8,Chamoli
2020-05-06,9.2,3.7,2.5,73,7.1,Chamoli
2020-05-07,8.2,2.3,5.0,68,7.9,Chamoli
2020-05-08,12.7,2.3,0.4,54,7.8,Chamoli
2020-05-09,13.3,4.7,0.6,62,8.0,Chamoli
2020-05-10,10.9,4.0,1.7,76,8.4,Chamoli
2020-05-11,10.8,4.7,4.5,71,7.4,Chamoli
2020-05-12,11.9,3.7,1.4,65,8.6,Chamoli
2020-05-13,11.4,5.0,0.6,73,6.8,Chamoli
2020-05-14,13.1,6.6,2.3,63,6.6,Chamoli
2020-05-15,14.3,5.3,0.1,53,8.9,Chamoli
2020-05-16,14.5,5.4,1.6,58,7.6,Chamoli
2020-05-17,13.9,5.6,4.9,62,7.1,Chamoli
2020-05-18,12.6,4.0,10.2,59,7.0,Chamoli
2020-05-19,13.5,4.3,0.1,45,9.8,Chamoli
2020-05-20,14.9,5.5,0.0,46,7.6,Chamoli
2020-05-21,17.4,7.8,0.0,44,6.9,Chamoli
2020-05-22,16.8,8.1,0.2,60,7.9,Chamoli
2020-05-23,16.5,7.2,0.3,56,11.9,Chamoli
2020-05-24,15.8,7.2,0.0,46,9.9,Chamoli
2020-05-25,16.0,7.6,2.1,50,9.0,Chamoli
2020-05-26,15.9,7.0,0.9,49,8.6,Chamoli
2020-05-27,16.3,7.3,3.0,54,6.9,Chamoli
2020-05-28,13.3,6.9,2.7,59,7.6,Chamoli
2020-05-29,12.3,6.2,6.5,72,9.4,Chamoli
2020-05-30,10.3,5.6,3.8,82,5.8,Chamoli
2020-05-31,10.5,5.2,22.4,87,5.5,Chamoli
2020-06-01,10.9,4.2,18.5,87,8.8,Chamoli
2020-06-02,11.6,4.9,9.8,82,8.0,Chamoli
2020-06-03,11.3,3.7,3.1,80,5.7,Chamoli
2020-06-04,11.7,4.1,14.9,78,6.3,Chamoli
2020-06-05,11.1,5.1,10.4,82,7.3,Chamoli
2020-06-06,12.4,5.2,8.4,82,8.6,Chamoli
2020-06-07,13.2,5.3,4.6,82,8.4,Chamoli
2020-06-08,14.0,6.1,16.0,85,8.0,Chamoli
2020-06-09,15.0,8.7,3.0,76,6.2,Chamoli
2020-06-10,15.6,8.6,2.9,79,7.4,Chamoli
2020-06-11,15.6,9.2,12.4,81,7.7,Chamoli
2020-06-12,15.5,8.8,12.4,80,7.6,Chamoli
2020-06-13,15.9,8.0,1.5,77,8.0,Chamoli
2020-06-14,16.2,9.8,0.5,79,7.9,Chamoli
2020-06-15,15.4,8.8,1.0,76,7.8,Chamoli
2020-06-16,15.5,7.6,3.0,78,7.2,Chamoli
2020-06-17,15.9,9.3,9.7,84,7.3,Chamoli
2020-06-18,15.6,10.8,22.6,86,6.9,Chamoli
2020-06-19,15.3,9.2,3.2,86,7.7,Chamoli
2020-06-20,15.3,9.2,3.4,84,8.4,Chamoli
2020-06-21,15.3,8.6,2.4,79,8.3,Chamoli
2020-06-22,15.6,9.0,5.4,86,7.1,Chamoli
2020-06-23,16.8,10.3,10.0,84,9.5,Chamoli
2020-06-24,14.9,10.2,16.9,88,7.2,Chamoli
2020-06-25,15.4,8.1,6.4,90,9.4,Chamoli
2020-06-26,14.7,9.9,12.1,93,7.3,Chamoli
2020-06-27,14.8,10.5,7.2,90,6.8,Chamoli
2020-06-28,15.3,10.1,3.3,85,8.1,Chamoli
2020-06-29,15.9,10.6,3.4,86,7.6,Chamoli
2020-06-30,15.8,10.9,20.0,92,7.6,Chamoli
2021-04-01,9.8,-1.9,0.0,43,11.2,Chamoli
2021-04-02,8.6,-2.4,0.0,32,11.9,Chamoli
2021-04-03,8.9,-3.5,0.0,31,11.9,Chamoli
2021-04-04,12.7,-1.9,0.0,27,9.8,Chamoli
2021-04-05,11.9,3.0,3.1,57,11.4,Chamoli
2021-04-06,9.9,2.9,0.0,54,5.1,Chamoli
2021-04-07,8.0,2.0,8.3,68,5.9,Chamoli
2021-04-08,11.1,1.1,4.2,52,7.4,Chamoli
2021-04-09,9.6,0.1,2.4,35,7.2,Chamoli
2021-04-10,10.7,0.9,1.9,35,6.9,Chamoli
2021-04-11,11.5,2.9,0.0,26,9.6,Chamoli
2021-04-12,10.3,1.4,0.8,38,8.7,Chamoli
2021-04-13,13.3,1.5,0.0,31,8.6,Chamoli
2021-04-14,13.7,4.6,0.9,32,9.4,Chamoli
2021-04-15,11.9,4.5,0.2,37,7.8,Chamoli
2021-04-16,11.7,4.0,3.2,42,6.2,Chamoli
2021-04-17,7.1,1.3,17.7,74,5.7,Chamoli
2021-04-18,9.3,1.1,2.4,59,9.0,Chamoli
2021-04-19,10.4,0.9,0.6,44,10.2,Chamoli
2021-04-20,10.9,0.8,7.5,49,8.6,Chamoli
2021-04-21,6.5,1.1,33.4,83,4.4,Chamoli
2021-04-22,5.4,-0.8,10.9,86,5.1,Chamoli
2021-04-23,5.8,-1.3,16.7,70,5.5,Chamoli
2021-04-24,9.2,0.0,3.1,53,6.7,Chamoli
2021-04-25,12.8,0.0,0.0,32,7.4,Chamoli
2021-04-26,14.2,4.1,0.0,28,7.7,Chamoli
2021-04-27,14.4,4.6,0.5,32,8.6,Chamoli
2021-04-28,14.4,6.3,1.9,33,7.3,Chamoli
2021-04-29,12.8,4.3,2.0,48,7.6,Chamoli
2021-04-30,12.6,4.1,1.8,57,9.8,Chamoli
2021-05-01,12.4,5.3,1.1,61,7.9,Chamoli
2021-05-02,11.7,3.7,0.7,68,8.7,Chamoli
2021-05-03,11.3,4.5,2.4,75,8.7,Chamoli
2021-05-04,12.1,6.3,5.5,77,7.6,Chamoli
2021-05-05,10.4,5.5,1.0,75,7.2,Chamoli
2021-05-06,11.0,5.2,2.7,72,9.5,Chamoli
2021-05-07,9.8,2.9,4.8,84,7.3,Chamoli
2021-05-08,10.2,3.3,5.8,72,7.7,Chamoli
2021-05-09,9.9,3.7,0.8,72,7.2,Chamoli
2021-05-10,10.8,2.5,3.5,72,9.1,Chamoli
2021-05-11,10.7,3.4,4.1,77,8.8,Chamoli
2021-05-12,10.3,5.3,2.0,80,9.4,Chamoli
2021-05-13,9.3,2.2,3.6,79,8.7,Chamoli
2021-05-14,10.6,4.4,1.2,65,8.4,Chamoli
2021-05-15,12.1,4.3,0.3,58,8.8,Chamoli
2021-05-16,13.3,4.5,3.8,51,7.2,Chamoli
2021-05-17,14.1,7.4,0.1,48,8.0,Chamoli
2021-05-18,13.4,7.2,1.9,66,7.6,Chamoli
2021-05-19,8.9,6.8,37.8,89,4.6,Chamoli
2021-05-20,9.9,6.2,89.7,89,7.2,Chamoli
2021-05-21,12.6,4.3,0.6,71,7.6,Chamoli
2021-05-22,13.0,4.5,1.4,58,6.5,Chamoli
2021-05-23,12.2,5.1,6.4,69,6.2,Chamoli
2021-05-24,12.6,4.8,4.8,68,7.3,Chamoli
2021-05-25,14.6,5.4,3.0,60,6.8,Chamoli
2021-05-26,15.0,6.5,0.8,54,7.6,Chamoli
2021-05-27,15.2,6.7,0.4,63,7.2,Chamoli
2021-05-28,15.3,7.3,6.1,71,7.6,Chamoli
2021-05-29,14.8,7.3,15.2,81,7.6,Chamoli
2021-05-30,14.6,7.2,3.8,80,7.2,Chamoli
2021-05-31,13.8,7.0,2.7,81,8.4,Chamoli
2021-06-01,12.1,6.0,8.3,75,7.4,Chamoli
2021-06-02,11.8,5.6,9.3,79,6.3,Chamoli
2021-06-03,13.0,4.9,11.4,74,5.6,Chamoli
2021-06-04,13.6,5.8,6.1,72,6.1,Chamoli
2021-06-05,14.1,6.3,5.6,72,6.1,Chamoli
2021-06-06,14.5,6.3,1.1,71,7.6,Chamoli
2021-06-07,15.5,7.4,6.7,72,9.1,Chamoli
2021-06-08,17.5,7.5,0.4,72,7.5,Chamoli
2021-06-09,18.3,10.2,0.5,77,7.6,Chamoli
2021-06-10,15.7,10.9,8.0,89,6.2,Chamoli
2021-06-11,16.0,10.5,7.3,88,7.9,Chamoli
2021-06-12,14.1,9.1,11.3,90,10.2,Chamoli
2021-06-13,15.0,8.4,3.1,82,7.6,Chamoli
2021-06-14,14.3,8.9,7.4,87,7.0,Chamoli
2021-06-15,14.2,8.1,3.7,87,8.3,Chamoli
2021-06-16,14.1,9.4,39.1,85,7.7,Chamoli
2021-06-17,14.4,8.5,31.1,86,8.6,Chamoli
2021-06-18,11.3,9.9,106.2,94,6.7,Chamoli
2021-06-19,13.8,9.5,46.7,89,9.5,Chamoli
2021-06-20,13.2,9.1,34.2,89,8.0,Chamoli
2021-06-21,15.3,9.2,7.2,85,7.2,Chamoli
2021-06-22,16.0,8.6,1.3,74,7.8,Chamoli
2021-06-23,15.4,8.3,1.9,81,6.9,Chamoli
2021-06-24,15.5,7.4,4.8,81,7.9,Chamoli
2021-06-25,14.6,7.6,8.0,80,6.8,Chamoli
2021-06-26,14.7,7.4,16.8,80,7.0,Chamoli
2021-06-27,16.0,8.2,4.0,76,9.1,Chamoli
2021-06-28,16.3,11.4,1.4,78,7.2,Chamoli
2021-06-29,16.9,11.9,0.3,80,8.4,Chamoli
2021-06-30,16.3,11.8,2.4,86,9.3,Chamoli
2022-04-01,15.8,3.9,0.0,40,7.9,Chamoli
2022-04-02,15.0,5.2,2.6,43,9.4,Chamoli
2022-04-03,13.5,6.9,0.0,35,10.1,Chamoli
2022-04-04,14.6,5.8,0.0,30,9.0,Chamoli
2022-04-05,15.3,4.5,0.0,33,9.4,Chamoli
2022-04-06,15.5,4.6,0.0,30,9.0,Chamoli
2022-04-07,14.6,4.5,0.3,39,9.0,Chamoli
2022-04-08,15.1,4.8,0.0,40,8.4,Chamoli
2022-04-09,14.9,5.5,1.2,41,8.4,Chamoli
2022-04-10,15.4,5.7,0.0,36,9.5,Chamoli
2022-04-11,16.5,6.4,0.0,37,8.5,Chamoli
2022-04-12,15.4,6.5,0.4,53,8.7,Chamoli
2022-04-13,15.6,4.7,2.3,48,12.2,Chamoli
2022-04-14,11.6,2.8,2.9,58,8.3,Chamoli
2022-04-15,10.9,2.6,4.2,44,8.3,Chamoli
2022-04-16,12.3,2.2,0.6,45,9.8,Chamoli
2022-04-17,13.1,2.5,2.0,45,7.7,Chamoli
2022-04-18,15.9,3.1,0.7,45,13.7,Chamoli
2022-04-19,15.3,5.0,0.2,43,10.4,Chamoli
2022-04-20,15.9,5.9,0.0,39,10.1,Chamoli
2022-04-21,14.5,5.2,3.3,52,9.3,Chamoli
2022-04-22,12.0,2.1,2.9,61,8.6,Chamoli
2022-04-23,14.1,2.3,0.1,44,10.7,Chamoli
2022-04-24,13.9,3.2,0.3,38,10.0,Chamoli
2022-04-25,15.3,3.5,0.4,37,10.7,Chamoli
2022-04-26,13.7,4.3,1.2,40,9.0,Chamoli
2022-04-27,16.5,4.0,0.0,39,9.4,Chamoli
2022-04-28,16.5,7.4,0.3,41,10.2,Chamoli
2022-04-29,16.3,6.4,0.6,44,9.7,Chamoli
2022-04-30,15.4,6.4,0.3,51,8.7,Chamoli
2022-05-01,15.3,5.6,0.8,51,10.5,Chamoli
2022-05-02,13.9,5.7,0.0,58,7.9,Chamoli
2022-05-03,12.7,8.4,2.3,64,7.2,Chamoli
2022-05-04,13.2,5.5,2.4,64,9.0,Chamoli
2022-05-05,11.9,4.6,1.9,71,7.8,Chamoli
2022-05-06,11.0,4.5,2.6,73,7.6,Chamoli
2022-05-07,12.0,3.2,3.6,69,7.8,Chamoli
2022-05-08,12.5,4.7,1.0,73,8.0,Chamoli
2022-05-09,11.8,5.2,11.7,83,8.0,Chamoli
2022-05-10,12.6,6.4,14.5,84,7.7,Chamoli
2022-05-11,14.3,6.5,4.1,80,7.7,Chamoli
2022-05-12,14.1,6.7,3.5,83,7.2,Chamoli
2022-05-13,14.6,8.2,2.6,74,7.3,Chamoli
2022-05-14,15.9,8.2,1.8,69,8.4,Chamoli
2022-05-15,16.0,9.2,0.2,60,9.6,Chamoli
2022-05-16,17.4,10.5,0.3,44,9.9,Chamoli
2022-05-17,13.6,6.3,8.7,69,8.5,Chamoli
2022-05-18,13.6,5.5,2.1,71,7.9,Chamoli
2022-05-19,14.2,5.3,0.5,64,7.4,Chamoli
2022-05-20,15.7,7.6,0.7,51,13.2,Chamoli
2022-05-21,15.6,6.1,0.9,44,11.5,Chamoli
2022-05-22,12.0,5.1,5.0,72,7.6,Chamoli
2022-05-23,12.5,3.9,1.6,71,6.7,Chamoli
2022-05-24,8.1,2.6,8.7,78,4.7,Chamoli
2022-05-25,11.4,2.0,9.1,70,6.5,Chamoli
2022-05-26,12.7,3.1,0.1,69,8.0,Chamoli
2022-05-27,13.8,5.8,2.1,76,8.5,Chamoli
2022-05-28,13.5,5.8,5.1,84,6.8,Chamoli
2022-05-29,14.1,7.3,3.5,79,8.3,Chamoli
2022-05-30,14.1,6.6,1.2,62,8.4,Chamoli
2022-05-31,15.2,5.9,0.0,54,8.7,Chamoli
2022-06-01,16.4,5.8,0.0,53,9.8,Chamoli
2022-06-02,16.7,6.3,0.0,42,10.2,Chamoli
2022-06-03,17.1,6.4,0.0,34,10.5,Chamoli
2022-06-04,17.6,6.4,0.0,38,10.4,Chamoli
2022-06-05,17.8,7.2,0.0,38,10.5,Chamoli
2022-06-06,18.4,7.1,0.0,43,10.1,Chamoli
2022-06-07,18.8,7.4,0.0,51,10.2,Chamoli
2022-06-08,18.4,8.8,0.3,55,10.5,Chamoli
2022-06-09,18.5,9.1,0.0,51,11.4,Chamoli
2022-06-10,17.1,7.4,0.3,51,9.4,Chamoli
2022-06-11,17.4,6.9,0.9,53,9.0,Chamoli
2022-06-12,17.0,8.7,1.1,57,10.1,Chamoli
2022-06-13,18.3,7.7,0.1,58,10.2,Chamoli
2022-06-14,19.9,10.2,0.0,53,10.9,Chamoli
2022-06-15,19.1,9.3,0.8,65,9.6,Chamoli
2022-06-16,16.5,8.5,7.1,75,9.1,Chamoli
2022-06-17,15.1,7.7,8.7,80,8.4,Chamoli
2022-06-18,12.6,7.3,3.9,77,9.2,Chamoli
2022-06-19,13.8,7.6,5.5,75,4.9,Chamoli
2022-06-20,12.6,7.2,21.2,85,7.7,Chamoli
2022-06-21,14.0,7.0,8.0,78,8.7,Chamoli
2022-06-22,15.6,6.2,2.6,72,8.0,Chamoli
2022-06-23,16.5,8.7,0.4,70,8.0,Chamoli
2022-06-24,16.7,8.4,2.7,76,6.3,Chamoli
2022-06-25,17.1,9.5,8.3,82,6.8,Chamoli
2022-06-26,16.2,10.3,14.7,90,6.7,Chamoli
2022-06-27,16.0,11.7,5.1,89,6.9,Chamoli
2022-06-28,16.7,11.9,1.9,89,8.0,Chamoli
2022-06-29,16.8,10.6,4.5,93,8.5,Chamoli
2022-06-30,14.6,11.7,23.8,92,6.1,Chamoli
2023-04-01,3.7,-2.3,7.4,88,4.7,Chamoli
2023-04-02,5.3,-2.3,1.2,74,7.4,Chamoli
2023-04-03,8.0,-0.1,1.3,55,9.1,Chamoli
2023-04-04,6.1,-1.2,4.0,63,7.0,Chamoli
2023-04-05,8.3,-3.4,0.0,52,8.0,Chamoli
2023-04-06,7.8,-1.0,1.3,56,9.7,Chamoli
2023-04-07,10.8,-0.7,0.0,40,8.8,Chamoli
2023-04-08,10.9,0.7,0.9,37,8.4,Chamoli
2023-04-09,9.2,0.8,0.7,54,8.7,Chamoli
2023-04-10,10.9,0.0,0.0,45,7.4,Chamoli
2023-04-11,11.6,0.9,0.0,43,8.0,Chamoli
2023-04-12,12.3,2.1,0.2,43,8.8,Chamoli
2023-04-13,12.8,1.9,0.0,46,7.6,Chamoli
2023-04-14,13.9,4.2,0.3,46,7.3,Chamoli
2023-04-15,13.6,3.4,6.7,53,9.8,Chamoli
2023-04-16,12.4,3.6,1.8,48,8.8,Chamoli
2023-04-17,13.9,2.9,0.1,44,7.6,Chamoli
2023-04-18,13.3,4.1,1.5,50,7.6,Chamoli
2023-04-19,11.8,3.6,4.4,51,7.2,Chamoli
2023-04-20,7.6,2.4,11.0,79,7.1,Chamoli
2023-04-21,9.0,-0.2,3.8,64,9.7,Chamoli
2023-04-22,7.8,-1.2,1.2,54,8.3,Chamoli
2023-04-23,8.5,0.3,7.0,50,6.3,Chamoli
2023-04-24,8.1,2.0,3.7,61,9.0,Chamoli
2023-04-25,7.0,0.8,7.1,78,6.2,Chamoli
2023-04-26,8.6,0.8,4.9,71,6.5,Chamoli
2023-04-27,8.4,1.2,3.2,72,6.6,Chamoli
2023-04-28,10.4,1.5,2.8,64,7.6,Chamoli
2023-04-29,10.6,0.8,16.1,73,8.9,Chamoli
2023-04-30,7.8,2.7,14.2,84,5.7,Chamoli
2023-05-01,5.7,3.0,18.8,92,4.7,Chamoli
2023-05-02,5.4,2.7,13.0,91,5.0,Chamoli
2023-05-03,6.6,1.7,6.0,84,4.5,Chamoli
2023-05-04,8.6,1.4,4.4,81,7.2,Chamoli
2023-05-05,9.5,1.9,1.8,67,8.9,Chamoli
2023-05-06,11.4,2.6,0.8,64,10.1,Chamoli
2023-05-07,10.3,1.5,0.4,58,10.4,Chamoli
2023-05-08,10.0,1.6,3.5,41,9.4,Chamoli
2023-05-09,10.4,1.0,1.8,50,12.6,Chamoli
2023-05-10,10.4,-0.8,4.4,59,7.6,Chamoli
2023-05-11,11.7,3.3,0.4,58,7.9,Chamoli
2023-05-12,15.9,1.9,0.2,40,8.6,Chamoli
2023-05-13,14.3,4.7,0.2,45,8.7,Chamoli
2023-05-14,13.5,4.9,0.2,50,8.9,Chamoli
2023-05-15,12.8,4.4,1.3,51,9.5,Chamoli
2023-05-16,14.5,4.0,0.2,45,7.3,Chamoli
2023-05-17,14.3,4.5,2.4,50,10.2,Chamoli
2023-05-18,12.4,4.2,1.0,56,8.8,Chamoli
2023-05-19,14.0,3.1,0.5,55,9.8,Chamoli
2023-05-20,12.1,3.6,0.8,63,8.7,Chamoli
2023-05-21,15.2,2.6,0.0,47,7.7,Chamoli
2023-05-22,16.3,6.3,0.4,47,9.2,Chamoli
2023-05-23,15.9,5.6,0.0,55,9.0,Chamoli
2023-05-24,11.9,5.1,8.1,78,8.0,Chamoli
2023-05-25,10.7,3.2,8.7,83,7.7,Chamoli
2023-05-26,10.8,2.5,1.1,74,8.2,Chamoli
2023-05-27,11.7,3.4,1.5,66,9.1,Chamoli
2023-05-28,12.3,4.7,1.7,57,7.6,Chamoli
2023-05-29,14.3,4.8,9.7,69,7.3,Chamoli
2023-05-30,12.0,5.8,16.6,74,5.2,Chamoli
2023-05-31,12.0,4.4,7.2,69,5.4,Chamoli
2023-06-01,13.2,4.4,1.0,58,7.4,Chamoli
2023-06-02,9.5,2.7,4.8,69,6.1,Chamoli
2023-06-03,12.7,3.0,2.1,59,7.0,Chamoli
2023-06-04,16.0,3.4,0.0,57,8.4,Chamoli
2023-06-05,12.0,4.9,14.3,71,5.3,Chamoli
2023-06-06,12.6,4.1,3.9,71,8.2,Chamoli
2023-06-07,12.9,4.6,6.6,66,7.4,Chamoli
2023-06-08,14.6,4.6,4.0,62,8.3,Chamoli
2023-06-09,15.4,5.0,0.7,59,8.2,Chamoli
2023-06-10,16.2,7.5,1.7,66,7.6,Chamoli
2023-06-11,16.3,7.1,6.5,71,7.8,Chamoli
2023-06-12,15.8,7.5,7.9,75,6.9,Chamoli
2023-06-13,16.3,8.7,1.4,74,8.3,Chamoli
2023-06-14,14.8,7.8,2.1,76,7.1,Chamoli
2023-06-15,15.1,7.0,1.2,72,9.1,Chamoli
2023-06-16,15.9,7.5,1.6,68,8.3,Chamoli
2023-06-17,16.2,7.5,2.6,70,7.8,Chamoli
2023-06-18,15.3,10.5,10.9,81,7.1,Chamoli
2023-06-19,15.7,8.6,16.2,83,7.2,Chamoli
2023-06-20,15.6,10.6,18.3,84,7.0,Chamoli
2023-06-21,16.6,9.4,6.8,82,7.6,Chamoli
2023-06-22,18.0,10.2,1.5,82,7.6,Chamoli
2023-06-23,17.1,11.1,6.8,88,7.3,Chamoli
2023-06-24,18.7,10.9,11.8,85,7.6,Chamoli
2023-06-25,14.4,11.0,48.9,91,6.1,Chamoli
2023-06-26,14.7,10.2,14.8,85,5.5,Chamoli
2023-06-27,15.3,9.5,12.1,85,8.0,Chamoli
2023-06-28,15.7,10.4,2.6,83,8.0,Chamoli
2023-06-29,14.5,10.6,18.5,86,9.1,Chamoli
2023-06-30,16.9,8.9,36.2,85,9.4,Chamoli
2024-04-01,10.4,5.0,0.0,40,7.7,Chamoli
2024-04-02,11.2,2.8,1.1,39,8.1,Chamoli
2024-04-03,9.7,1.4,0.0,48,8.0,Chamoli
2024-04-04,10.6,2.1,1.2,56,7.9,Chamoli
2024-04-05,10.1,2.6,1.5,44,11.2,Chamoli
2024-04-06,10.7,1.6,1.6,41,7.6,Chamoli
2024-04-07,10.6,3.0,4.2,40,8.7,Chamoli
2024-04-08,10.1,2.5,1.2,38,8.8,Chamoli
2024-04-09,10.3,2.5,1.2,37,8.4,Chamoli
2024-04-10,10.4,2.5,0.4,35,8.8,Chamoli
2024-04-11,10.2,2.7,1.4,45,7.9,Chamoli
2024-04-12,10.8,1.8,1.6,52,7.0,Chamoli
2024-04-13,12.1,3.3,0.3,44,9.6,Chamoli
2024-04-14,9.4,2.5,3.4,64,8.4,Chamoli
2024-04-15,11.2,5.2,14.5,65,7.0,Chamoli
2024-04-16,11.7,1.9,0.4,63,10.7,Chamoli
2024-04-17,14.4,2.5,0.0,46,9.4,Chamoli
2024-04-18,13.2,6.0,1.9,51,10.7,Chamoli
2024-04-19,13.6,4.7,0.1,48,10.9,Chamoli
2024-04-20,12.0,3.2,2.2,41,8.9,Chamoli
2024-04-21,14.0,3.4,0.2,44,12.6,Chamoli
2024-04-22,11.8,3.1,9.7,56,13.0,Chamoli
2024-04-23,10.8,1.5,0.5,53,8.9,Chamoli
2024-04-24,11.5,2.1,3.5,49,9.2,Chamoli
2024-04-25,12.9,3.8,1.1,37,8.8,Chamoli
2024-04-26,14.7,4.6,0.8,35,11.0,Chamoli
2024-04-27,10.5,5.0,8.5,57,8.7,Chamoli
2024-04-28,11.7,3.6,3.1,48,7.9,Chamoli
2024-04-29,12.9,2.9,2.7,49,9.9,Chamoli
2024-04-30,13.7,2.7,0.3,42,11.9,Chamoli
2024-05-01,9.2,-0.2,0.9,47,13.5,Chamoli
2024-05-02,12.9,-1.1,0.0,37,9.5,Chamoli
2024-05-03,16.7,5.2,0.0,32,10.0,Chamoli
2024-05-04,14.6,7.8,3.7,47,12.9,Chamoli
2024-05-05,15.5,7.5,0.9,39,9.5,Chamoli
2024-05-06,14.2,7.3,5.5,46,8.4,Chamoli
2024-05-07,11.8,5.8,2.7,59,8.4,Chamoli
2024-05-08,12.6,5.5,0.1,63,10.2,Chamoli
2024-05-09,13.7,6.1,0.9,67,8.7,Chamoli
2024-05-10,14.0,6.6,0.5,66,8.3,Chamoli
2024-05-11,13.5,7.7,0.4,68,9.8,Chamoli
2024-05-12,12.8,6.4,3.9,67,10.3,Chamoli
2024-05-13,14.6,8.0,0.0,49,12.2,Chamoli
2024-05-14,15.7,5.8,0.0,46,11.0,Chamoli
2024-05-15,14.5,5.8,3.8,49,8.7,Chamoli
2024-05-16,16.1,8.0,0.0,47,9.9,Chamoli
2024-05-17,17.3,8.1,0.0,46,9.4,Chamoli
2024-05-18,18.9,9.7,0.0,40,11.3,Chamoli
2024-05-19,18.2,8.9,0.0,44,11.7,Chamoli
2024-05-20,16.6,9.4,1.2,52,11.8,Chamoli
2024-05-21,16.0,8.1,0.0,57,8.7,Chamoli
2024-05-22,14.7,7.8,6.1,72,10.3,Chamoli
2024-05-23,14.2,7.7,3.4,80,8.2,Chamoli
2024-05-24,16.3,7.9,2.5,76,9.1,Chamoli
2024-05-25,16.3,9.4,1.6,73,8.2,Chamoli
2024-05-26,17.2,8.1,3.5,69,8.3,Chamoli
2024-05-27,17.5,10.9,1.1,59,8.4,Chamoli
2024-05-28,19.4,11.7,0.0,39,12.3,Chamoli
2024-05-29,19.5,10.9,0.0,24,12.2,Chamoli
2024-05-30,18.4,10.6,0.0,31,12.3,Chamoli
2024-05-31,19.0,11.5,0.0,27,14.2,Chamoli
2024-06-01,19.3,11.6,0.0,31,14.1,Chamoli
2024-06-02,15.8,8.8,0.9,58,9.0,Chamoli
2024-06-03,17.3,8.7,6.6,58,9.7,Chamoli
2024-06-04,15.6,8.4,5.9,58,9.1,Chamoli
2024-06-05,16.8,9.4,2.0,49,11.0,Chamoli
2024-06-06,17.2,8.5,0.3,48,11.2,Chamoli
2024-06-07,18.1,7.7,0.2,51,11.2,Chamoli
2024-06-08,18.9,8.8,0.0,43,11.5,Chamoli
2024-06-09,18.7,9.5,0.0,42,10.5,Chamoli
2024-06-10,18.6,9.5,1.4,43,9.2,Chamoli
2024-06-11,18.0,8.6,1.3,44,9.4,Chamoli
2024-06-12,20.2,9.9,0.0,34,12.2,Chamoli
2024-06-13,20.8,10.5,0.0,37,12.7,Chamoli
2024-06-14,20.6,10.8,0.1,37,11.9,Chamoli
2024-06-15,20.7,11.4,0.0,41,11.9,Chamoli
2024-06-16,21.5,10.7,0.0,45,12.7,Chamoli
2024-06-17,20.8,11.4,0.1,47,12.8,Chamoli
2024-06-18,20.1,11.4,2.5,50,11.6,Chamoli
2024-06-19,19.1,10.5,3.7,59,10.9,Chamoli
2024-06-20,17.1,10.2,0.4,61,10.9,Chamoli
2024-06-21,17.0,8.9,0.7,65,8.6,Chamoli
2024-06-22,18.0,8.3,1.9,69,9.7,Chamoli
2024-06-23,16.9,11.8,16.1,75,8.0,Chamoli
2024-06-24,17.0,10.1,6.9,81,7.6,Chamoli
2024-06-25,16.8,11.6,14.5,82,7.0,Chamoli
2024-06-26,18.5,10.9,26.6,83,6.3,Chamoli
2024-06-27,15.8,12.3,40.6,90,5.1,Chamoli
2024-06-28,16.5,12.0,13.5,87,8.5,Chamoli
2024-06-29,15.7,12.7,9.7,85,8.2,Chamoli
2024-06-30,17.4,10.6,7.0,88,7.6,Chamoli
2020-04-01,21.3,9.5,0.2,64,15.0,Almora
2020-04-02,20.5,8.8,0.1,55,13.3,Almora
2020-04-03,20.9,7.6,0.0,58,10.6,Almora
2020-04-04,22.1,10.6,0.2,56,11.0,Almora
2020-04-05,21.7,10.0,0.0,47,15.2,Almora
2020-04-06,23.0,10.8,0.0,48,18.6,Almora
2020-04-07,23.5,12.2,0.0,45,18.8,Almora
2020-04-08,21.7,10.6,1.6,58,12.3,Almora
2020-04-09,23.1,9.6,0.0,52,9.4,Almora
2020-04-10,24.4,12.5,0.4,50,13.4,Almora
2020-04-11,23.8,10.1,0.0,55,17.4,Almora
2020-04-12,26.3,13.4,0.0,49,12.2,Almora
2020-04-13,27.0,13.1,0.0,55,14.1,Almora
2020-04-14,23.8,11.6,0.7,69,6.8,Almora
2020-04-15,25.1,11.7,0.4,62,19.2,Almora
2020-04-16,24.1,13.8,0.2,57,20.2,Almora
2020-04-17,22.1,14.5,2.3,56,8.0,Almora
2020-04-18,22.0,10.9,0.2,60,15.3,Almora
2020-04-19,21.5,12.6,0.9,61,10.8,Almora
2020-04-20,22.6,10.6,2.1,69,8.3,Almora
2020-04-21,18.8,9.7,4.0,80,14.8,Almora
2020-04-22,19.4,10.1,0.7,73,12.6,Almora
2020-04-23,20.0,12.4,1.8,71,15.9,Almora
2020-04-24,20.6,10.6,0.3,72,15.1,Almora
2020-04-25,22.0,12.2,0.2,71,14.6,Almora
2020-04-26,18.9,11.5,2.6,84,13.4,Almora
2020-04-27,19.2,11.1,7.1,88,12.8,Almora
2020-04-28,21.3,10.9,3.2,76,9.3,Almora
2020-04-29,19.2,12.0,1.7,84,13.1,Almora
2020-04-30,20.6,11.8,4.2,88,12.0,Almora
2020-05-01,22.0,10.6,5.9,85,11.9,Almora
2020-05-02,21.3,13.5,3.4,90,7.8,Almora
2020-05-03,21.5,12.4,4.0,87,13.7,Almora
2020-05-04,21.4,12.9,3.5,82,7.0,Almora
2020-05-05,21.9,12.1,5.9,83,12.2,Almora
2020-05-06,19.8,10.1,1.6,83,11.3,Almora
2020-05-07,20.6,10.6,2.2,79,18.5,Almora
2020-05-08,22.6,9.1,0.0,73,13.7,Almora
2020-05-09,24.9,12.7,0.0,68,15.6,Almora
2020-05-10,21.2,11.6,1.8,85,10.1,Almora
2020-05-11,22.2,10.3,1.0,81,9.4,Almora
2020-05-12,22.1,12.3,2.1,78,15.2,Almora
2020-05-13,23.8,13.3,0.8,77,12.1,Almora
2020-05-14,24.6,12.7,0.6,81,13.1,Almora
2020-05-15,26.1,14.2,0.0,61,19.1,Almora
2020-05-16,26.9,16.2,0.0,51,14.4,Almora
2020-05-17,27.4,16.0,0.0,46,13.8,Almora
2020-05-18,27.0,16.6,0.0,38,15.9,Almora
2020-05-19,26.6,15.6,0.0,33,17.3,Almora
2020-05-20,26.9,14.3,0.0,34,13.2,Almora
2020-05-21,28.6,15.3,0.0,46,14.8,Almora
2020-05-22,28.4,14.9,0.0,55,16.4,Almora
2020-05-23,28.9,18.3,0.0,51,22.4,Almora
2020-05-24,29.8,18.9,0.0,37,19.6,Almora
2020-05-25,30.2,18.2,0.0,37,16.4,Almora
2020-05-26,30.4,19.0,0.0,36,16.6,Almora
2020-05-27,30.7,16.9,0.0,45,16.2,Almora
2020-05-28,26.6,16.0,5.4,66,12.4,Almora
2020-05-29,21.0,14.5,11.7,83,9.0,Almora
2020-05-30,21.8,14.9,8.7,86,9.2,Almora
2020-05-31,21.6,14.5,10.2,82,6.6,Almora
2020-06-01,20.7,14.5,9.5,84,8.7,Almora
2020-06-02,24.4,14.0,0.1,69,11.9,Almora
2020-06-03,23.4,13.9,15.9,75,8.8,Almora
2020-06-04,22.5,14.1,1.2,82,5.2,Almora
2020-06-05,22.8,14.5,0.1,83,10.9,Almora
2020-06-06,23.7,13.1,1.3,81,8.4,Almora
2020-06-07,24.3,15.2,1.2,79,12.6,Almora
2020-06-08,25.3,15.2,0.6,75,9.2,Almora
2020-06-09,25.9,16.0,1.8,79,12.5,Almora
2020-06-10,26.4,17.1,1.7,82,14.4,Almora
2020-06-11,25.9,17.0,7.2,83,11.0,Almora
2020-06-12,25.8,16.7,2.1,81,10.4,Almora
2020-06-13,26.6,16.8,2.8,84,11.2,Almora
2020-06-14,26.6,17.8,8.6,82,11.1,Almora
2020-06-15,25.2,16.7,0.8,85,12.9,Almora
2020-06-16,26.2,16.7,0.2,80,11.7,Almora
2020-06-17,25.2,18.2,0.9,85,7.7,Almora
2020-06-18,25.5,19.3,3.8,87,15.0,Almora
2020-06-19,25.7,18.2,8.2,87,14.5,Almora
2020-06-20,25.8,18.7,5.4,83,12.7,Almora
2020-06-21,25.1,18.2,3.8,86,14.0,Almora
2020-06-22,25.7,17.0,2.5,85,7.3,Almora
2020-06-23,25.5,18.4,2.1,85,6.6,Almora
2020-06-24,24.2,18.7,2.8,90,5.0,Almora
2020-06-25,25.1,18.0,2.3,88,15.5,Almora
2020-06-26,25.4,18.1,2.2,84,14.0,Almora
2020-06-27,25.7,19.1,2.5,84,15.3,Almora
2020-06-28,27.0,17.8,3.2,85,14.5,Almora
2020-06-29,25.2,18.9,20.3,91,9.5,Almora
2020-06-30,23.5,18.3,3.3,87,7.3,Almora
2021-04-01,22.8,12.0,0.0,25,21.6,Almora
2021-04-02,23.1,10.9,0.0,23,21.3,Almora
2021-04-03,23.2,9.0,0.0,22,18.3,Almora
2021-04-04,25.4,10.4,0.0,25,15.3,Almora
2021-04-05,26.8,13.3,0.0,33,20.3,Almora
2021-04-06,25.7,12.6,1.5,44,13.6,Almora
2021-04-07,21.5,11.9,1.1,55,16.1,Almora
2021-04-08,25.9,12.0,0.1,39,12.9,Almora
2021-04-09,24.8,12.3,0.0,28,9.4,Almora
2021-04-10,25.6,12.0,0.0,21,12.8,Almora
2021-04-11,26.1,13.5,0.0,19,15.0,Almora
2021-04-12,25.9,13.4,0.0,26,17.9,Almora
2021-04-13,26.8,12.7,0.0,28,16.3,Almora
2021-04-14,28.4,13.9,0.1,27,18.8,Almora
2021-04-15,27.4,14.8,0.1,23,12.6,Almora
2021-04-16,27.5,14.7,0.0,27,15.5,Almora
2021-04-17,20.5,12.2,6.1,65,15.3,Almora
2021-04-18,23.3,9.9,0.0,57,17.9,Almora
2021-04-19,25.6,11.3,0.0,41,24.6,Almora
2021-04-20,25.1,12.8,0.0,36,15.1,Almora
2021-04-21,18.7,10.5,8.1,74,17.0,Almora
2021-04-22,17.0,9.2,7.9,83,10.8,Almora
2021-04-23,18.7,7.9,1.9,71,12.9,Almora
2021-04-24,21.0,9.2,1.1,75,12.8,Almora
2021-04-25,25.5,9.8,0.0,51,9.7,Almora
2021-04-26,26.9,13.3,0.0,35,10.3,Almora
2021-04-27,27.6,14.9,0.0,33,10.1,Almora
2021-04-28,28.2,15.8,0.0,39,16.8,Almora
2021-04-29,25.8,14.5,1.2,47,7.6,Almora
2021-04-30,25.6,15.3,0.8,59,16.6,Almora
2021-05-01,25.7,13.0,0.2,63,15.3,Almora
2021-05-02,25.0,13.2,0.0,66,8.8,Almora
2021-05-03,23.5,12.7,0.7,74,13.5,Almora
2021-05-04,25.3,12.3,2.1,78,13.9,Almora
2021-05-05,22.8,13.1,5.9,82,10.4,Almora
2021-05-06,22.4,12.3,3.4,82,9.8,Almora
2021-05-07,20.9,13.4,5.7,81,7.4,Almora
2021-05-08,22.4,11.4,0.4,73,11.0,Almora
2021-05-09,21.7,11.7,1.6,79,15.7,Almora
2021-05-10,21.9,12.1,3.0,79,13.0,Almora
2021-05-11,22.5,12.8,2.9,78,13.0,Almora
2021-05-12,22.1,12.1,3.2,83,14.8,Almora
2021-05-13,20.0,11.5,5.8,85,13.1,Almora
2021-05-14,22.3,11.1,0.0,72,15.6,Almora
2021-05-15,24.5,14.2,0.0,61,16.6,Almora
2021-05-16,26.4,13.8,0.0,52,13.0,Almora
2021-05-17,26.5,15.4,0.0,49,12.6,Almora
2021-05-18,25.1,16.2,1.3,65,11.6,Almora
2021-05-19,17.1,14.8,29.7,92,13.2,Almora
2021-05-20,18.9,14.4,90.9,89,17.7,Almora
2021-05-21,23.3,14.9,14.2,77,9.3,Almora
2021-05-22,24.8,13.3,0.0,66,13.7,Almora
2021-05-23,24.9,15.4,0.0,64,12.0,Almora
2021-05-24,25.0,15.0,0.3,62,10.2,Almora
2021-05-25,27.7,15.5,0.0,56,7.2,Almora
2021-05-26,26.8,15.3,0.0,67,14.5,Almora
2021-05-27,25.9,14.7,0.0,74,15.2,Almora
2021-05-28,26.1,15.2,2.0,80,9.8,Almora
2021-05-29,24.9,16.3,28.0,87,11.2,Almora
2021-05-30,24.2,16.4,8.7,84,12.1,Almora
2021-05-31,25.2,16.9,2.9,81,15.1,Almora
2021-06-01,24.7,15.5,3.2,84,10.0,Almora
2021-06-02,23.9,13.8,0.1,78,8.4,Almora
2021-06-03,25.1,15.0,0.3,71,8.3,Almora
2021-06-04,25.6,15.7,0.0,65,11.5,Almora
2021-06-05,25.1,17.0,0.0,65,10.5,Almora
2021-06-06,27.2,17.2,0.0,69,15.0,Almora
2021-06-07,26.9,16.6,0.0,63,13.7,Almora
2021-06-08,28.8,17.4,0.0,70,15.5,Almora
2021-06-09,27.2,19.2,4.2,82,14.4,Almora
2021-06-10,25.6,18.2,12.0,84,8.0,Almora
2021-06-11,24.7,17.2,3.4,86,8.4,Almora
2021-06-12,23.9,16.6,22.6,90,9.1,Almora
2021-06-13,25.9,16.5,1.5,84,9.7,Almora
2021-06-14,22.8,16.3,2.6,88,8.3,Almora
2021-06-15,25.1,16.3,4.6,85,10.6,Almora
2021-06-16,25.8,17.1,15.0,88,5.0,Almora
2021-06-17,23.3,17.5,37.5,90,14.7,Almora
2021-06-18,21.2,17.6,39.6,92,8.4,Almora
2021-06-19,21.9,17.1,20.9,91,7.6,Almora
2021-06-20,22.3,16.9,11.2,90,9.5,Almora
2021-06-21,25.6,17.5,18.7,86,12.3,Almora
2021-06-22,26.9,17.7,0.4,82,11.9,Almora
2021-06-23,25.7,18.0,6.0,85,13.0,Almora
2021-06-24,25.7,17.0,1.0,87,13.6,Almora
2021-06-25,24.8,17.1,2.4,83,9.2,Almora
2021-06-26,24.8,17.2,5.9,83,8.2,Almora
2021-06-27,26.3,17.5,1.6,84,10.1,Almora
2021-06-28,26.2,18.1,0.3,86,14.9,Almora
2021-06-29,26.5,19.4,0.8,83,14.4,Almora
2021-06-30,27.2,19.5,0.3,69,18.7,Almora
2022-04-01,29.4,13.5,0.0,37,17.1,Almora
2022-04-02,28.4,13.4,0.0,39,17.2,Almora
2022-04-03,27.7,13.2,0.0,27,17.3,Almora
2022-04-04,28.1,13.0,0.0,27,15.2,Almora
2022-04-05,29.4,14.9,0.0,28,18.4,Almora
2022-04-06,29.3,16.3,0.0,31,18.0,Almora
2022-04-07,29.0,14.9,0.0,32,17.9,Almora
2022-04-08,28.9,14.3,0.0,35,17.8,Almora
2022-04-09,29.1,14.4,0.0,34,20.1,Almora
2022-04-10,29.2,14.7,0.0,34,18.1,Almora
2022-04-11,29.7,14.6,0.0,41,17.3,Almora
2022-04-12,29.8,16.1,0.0,42,19.5,Almora
2022-04-13,29.3,15.8,0.0,43,18.7,Almora
2022-04-14,27.2,12.9,1.8,40,18.5,Almora
2022-04-15,26.0,13.0,0.0,36,17.7,Almora
2022-04-16,27.1,12.3,0.0,35,19.8,Almora
2022-04-17,27.1,14.2,0.0,33,16.6,Almora
2022-04-18,29.5,16.6,0.0,27,13.8,Almora
2022-04-19,30.6,16.6,0.0,27,23.4,Almora
2022-04-20,29.9,16.5,0.0,27,19.9,Almora
2022-04-21,28.9,15.8,0.0,41,23.2,Almora
2022-04-22,27.0,14.4,0.2,48,16.6,Almora
2022-04-23,27.9,13.5,0.0,35,18.9,Almora
2022-04-24,27.9,15.9,0.0,26,17.8,Almora
2022-04-25,30.0,15.5,0.0,26,17.7,Almora
2022-04-26,28.2,16.5,0.0,25,18.1,Almora
2022-04-27,30.0,15.0,0.0,29,16.7,Almora
2022-04-28,30.6,16.4,0.0,32,21.3,Almora
2022-04-29,29.8,16.4,0.0,34,23.6,Almora
2022-04-30,30.5,15.5,0.0,38,23.8,Almora
2022-05-01,27.5,15.7,0.9,55,21.7,Almora
2022-05-02,25.5,14.0,1.5,67,17.1,Almora
2022-05-03,24.4,15.5,1.5,70,18.1,Almora
2022-05-04,26.5,14.9,1.2,64,17.7,Almora
2022-05-05,25.7,13.9,1.9,65,17.7,Almora
2022-05-06,25.1,13.6,0.1,62,19.8,Almora
2022-05-07,25.1,13.3,1.8,67,16.4,Almora
2022-05-08,24.3,14.0,3.2,72,16.9,Almora
2022-05-09,24.7,14.4,2.2,79,15.4,Almora
2022-05-10,24.7,14.4,7.1,78,10.1,Almora
2022-05-11,25.4,15.4,1.8,78,13.7,Almora
2022-05-12,25.7,14.7,2.1,81,15.5,Almora
2022-05-13,26.3,14.9,1.4,80,18.7,Almora
2022-05-14,27.6,15.5,0.2,66,17.9,Almora
2022-05-15,29.6,16.2,0.0,59,20.6,Almora
2022-05-16,30.1,16.7,0.1,58,18.3,Almora
2022-05-17,25.4,14.7,6.3,72,12.1,Almora
2022-05-18,26.2,15.2,0.0,59,15.0,Almora
2022-05-19,27.6,16.1,0.0,55,16.2,Almora
2022-05-20,29.2,15.7,0.2,51,26.7,Almora
2022-05-21,28.6,15.9,0.0,48,25.9,Almora
2022-05-22,23.9,15.0,10.6,66,12.5,Almora
2022-05-23,19.3,12.8,8.4,84,17.0,Almora
2022-05-24,19.2,13.2,9.5,82,13.6,Almora
2022-05-25,24.1,11.1,2.5,70,12.3,Almora
2022-05-26,25.4,12.4,0.0,66,12.6,Almora
2022-05-27,24.1,14.9,4.5,70,13.7,Almora
2022-05-28,24.9,14.7,4.6,78,17.7,Almora
2022-05-29,25.7,14.8,1.7,80,16.1,Almora
2022-05-30,26.9,14.6,0.0,69,16.9,Almora
2022-05-31,26.5,16.4,0.0,58,14.0,Almora
2022-06-01,29.5,17.2,0.0,51,19.3,Almora
2022-06-02,29.7,16.0,0.0,40,21.7,Almora
2022-06-03,30.3,16.1,0.0,33,19.0,Almora
2022-06-04,31.1,16.5,0.0,33,19.0,Almora
2022-06-05,31.7,18.5,0.0,33,23.1,Almora
2022-06-06,32.3,18.5,0.0,36,18.8,Almora
2022-06-07,32.5,19.3,0.0,43,19.4,Almora
2022-06-08,31.3,18.5,0.0,41,22.0,Almora
2022-06-09,31.7,20.4,0.0,35,19.9,Almora
2022-06-10,31.1,19.0,0.0,40,20.0,Almora
2022-06-11,31.0,17.7,0.0,44,22.5,Almora
2022-06-12,31.5,18.3,0.0,41,22.6,Almora
2022-06-13,32.4,19.6,0.0,36,21.3,Almora
2022-06-14,33.4,19.5,0.0,41,20.6,Almora
2022-06-15,32.1,19.8,0.1,50,20.3,Almora
2022-06-16,27.6,18.6,3.6,59,21.0,Almora
2022-06-17,29.0,16.6,3.9,65,16.6,Almora
2022-06-18,27.8,16.9,0.3,62,14.2,Almora
2022-06-19,27.7,18.4,0.3,59,11.4,Almora
2022-06-20,24.6,15.8,9.9,77,11.0,Almora
2022-06-21,24.8,14.6,1.6,79,10.1,Almora
2022-06-22,27.1,16.0,0.0,72,13.4,Almora
2022-06-23,28.5,17.4,0.0,67,16.2,Almora
2022-06-24,28.7,17.2,0.3,72,11.9,Almora
2022-06-25,29.1,17.9,4.4,77,13.4,Almora
2022-06-26,26.9,19.0,17.4,82,8.1,Almora
2022-06-27,26.9,19.3,3.2,83,10.9,Almora
2022-06-28,27.3,19.5,5.8,85,14.8,Almora
2022-06-29,26.3,19.3,31.0,88,10.5,Almora
2022-06-30,24.0,19.2,20.6,86,10.0,Almora
2023-04-01,14.6,8.5,8.5,85,8.9,Almora
2023-04-02,16.9,7.4,0.7,77,15.5,Almora
2023-04-03,20.1,8.2,0.0,60,17.3,Almora
2023-04-04,17.9,8.9,2.9,62,9.1,Almora
2023-04-05,20.2,7.1,0.0,50,13.4,Almora
2023-04-06,21.6,11.7,0.2,41,9.8,Almora
2023-04-07,23.6,9.6,0.0,46,10.7,Almora
2023-04-08,24.3,10.1,0.0,51,16.3,Almora
2023-04-09,23.2,10.6,2.0,60,11.5,Almora
2023-04-10,24.3,10.0,0.0,48,17.7,Almora
2023-04-11,24.5,11.3,0.0,41,14.3,Almora
2023-04-12,25.6,12.9,0.0,40,16.9,Almora
2023-04-13,26.9,13.9,0.0,36,14.9,Almora
2023-04-14,28.5,13.3,0.0,39,9.7,Almora
2023-04-15,27.5,15.1,1.4,44,13.0,Almora
2023-04-16,26.7,13.9,0.0,39,18.4,Almora
2023-04-17,28.3,16.4,0.0,32,16.9,Almora
2023-04-18,28.7,16.4,0.0,33,15.4,Almora
2023-04-19,27.6,14.8,0.1,40,17.7,Almora
2023-04-20,20.1,13.6,0.6,67,13.0,Almora
2023-04-21,22.7,11.3,0.1,62,14.6,Almora
2023-04-22,22.3,9.2,0.1,52,13.4,Almora
2023-04-23,22.9,10.3,1.3,45,12.8,Almora
2023-04-24,20.9,12.0,1.4,57,11.2,Almora
2023-04-25,21.9,9.4,0.6,61,11.5,Almora
2023-04-26,22.4,11.2,1.1,60,11.8,Almora
2023-04-27,21.4,10.9,0.3,66,11.4,Almora
2023-04-28,23.6,11.0,0.0,55,12.4,Almora
2023-04-29,24.4,13.5,5.1,63,14.3,Almora
2023-04-30,19.1,12.3,10.7,83,13.8,Almora
2023-05-01,18.4,12.1,8.5,87,11.1,Almora
2023-05-02,16.7,10.8,8.6,85,10.6,Almora
2023-05-03,18.0,9.0,4.2,83,8.4,Almora
2023-05-04,20.2,9.9,1.5,80,5.8,Almora
2023-05-05,20.5,11.4,0.9,75,16.3,Almora
2023-05-06,24.2,11.5,0.0,64,20.2,Almora
2023-05-07,24.0,12.4,0.0,51,17.3,Almora
2023-05-08,23.1,11.7,0.2,51,13.3,Almora
2023-05-09,23.6,10.9,0.0,48,16.2,Almora
2023-05-10,23.8,10.4,0.0,42,15.8,Almora
2023-05-11,24.8,12.4,0.0,42,12.2,Almora
2023-05-12,28.7,13.5,0.0,41,15.2,Almora
2023-05-13,27.7,14.3,0.0,39,17.0,Almora
2023-05-14,26.1,14.6,0.9,42,17.1,Almora
2023-05-15,27.7,15.1,0.5,40,23.5,Almora
2023-05-16,29.4,12.9,0.0,38,18.9,Almora
2023-05-17,28.7,15.0,0.0,44,19.4,Almora
2023-05-18,28.1,14.2,0.0,46,21.3,Almora
2023-05-19,27.8,13.9,0.0,43,18.0,Almora
2023-05-20,27.4,15.0,0.0,50,18.4,Almora
2023-05-21,29.1,13.9,0.0,47,17.0,Almora
2023-05-22,30.0,15.9,0.0,44,18.5,Almora
2023-05-23,28.4,16.6,0.5,52,18.2,Almora
2023-05-24,23.5,16.4,6.3,77,12.5,Almora
2023-05-25,23.6,13.4,16.7,82,15.1,Almora
2023-05-26,22.4,11.5,0.8,77,13.7,Almora
2023-05-27,23.5,12.9,1.3,69,14.5,Almora
2023-05-28,24.9,14.4,0.0,55,13.7,Almora
2023-05-29,26.0,14.0,4.6,68,13.1,Almora
2023-05-30,25.2,14.6,1.9,71,9.4,Almora
2023-05-31,22.5,13.9,5.0,76,16.8,Almora
2023-06-01,25.5,12.9,0.1,65,12.4,Almora
2023-06-02,23.8,13.0,0.1,60,14.3,Almora
2023-06-03,25.4,13.6,0.3,56,7.9,Almora
2023-06-04,29.0,14.5,0.0,51,14.4,Almora
2023-06-05,26.1,16.2,0.0,58,7.6,Almora
2023-06-06,24.9,14.8,0.9,61,7.2,Almora
2023-06-07,27.6,14.6,0.0,52,11.4,Almora
2023-06-08,28.4,15.4,0.0,48,10.3,Almora
2023-06-09,30.5,15.4,0.0,44,10.6,Almora
2023-06-10,30.6,18.3,0.2,43,14.1,Almora
2023-06-11,30.4,17.9,0.0,53,17.2,Almora
2023-06-12,31.4,18.2,0.4,57,12.3,Almora
2023-06-13,32.0,17.9,0.0,58,23.9,Almora
2023-06-14,30.4,18.3,0.0,55,23.8,Almora
2023-06-15,30.7,18.4,0.1,55,21.8,Almora
2023-06-16,29.7,17.5,0.1,57,16.4,Almora
2023-06-17,30.7,18.9,0.0,59,17.1,Almora
2023-06-18,28.8,20.9,7.7,66,12.1,Almora
2023-06-19,28.4,18.8,2.0,71,8.4,Almora
2023-06-20,28.1,19.8,0.7,73,8.9,Almora
2023-06-21,28.9,19.0,4.2,79,13.9,Almora
2023-06-22,28.3,19.0,3.7,82,12.6,Almora
2023-06-23,27.1,19.8,6.5,85,10.3,Almora
2023-06-24,28.7,19.6,1.6,84,13.9,Almora
2023-06-25,25.4,19.7,21.4,90,7.2,Almora
2023-06-26,24.4,17.8,8.8,85,9.2,Almora
2023-06-27,26.3,17.9,1.9,84,9.6,Almora
2023-06-28,25.1,18.9,5.2,85,13.6,Almora
2023-06-29,25.8,18.6,21.5,89,11.8,Almora
2023-06-30,26.4,18.5,10.3,88,8.5,Almora
2024-04-01,24.6,11.5,0.0,53,18.0,Almora
2024-04-02,25.9,10.1,0.0,47,20.2,Almora
2024-04-03,25.7,12.2,0.0,35,18.4,Almora
2024-04-04,25.4,12.6,0.0,44,13.7,Almora
2024-04-05,24.9,11.9,0.0,39,21.8,Almora
2024-04-06,25.4,11.0,0.0,35,14.5,Almora
2024-04-07,25.6,10.1,0.0,35,16.5,Almora
2024-04-08,25.3,9.9,0.0,31,14.8,Almora
2024-04-09,25.1,10.3,0.0,30,10.5,Almora
2024-04-10,26.1,11.2,0.7,37,17.6,Almora
2024-04-11,25.7,11.5,0.1,42,10.7,Almora
2024-04-12,26.0,10.3,0.0,40,14.2,Almora
2024-04-13,26.8,13.5,0.0,33,13.7,Almora
2024-04-14,25.1,12.5,1.8,52,7.5,Almora
2024-04-15,26.0,14.9,0.2,53,12.9,Almora
2024-04-16,26.2,13.6,0.0,51,17.9,Almora
2024-04-17,27.9,13.1,0.0,45,20.0,Almora
2024-04-18,28.0,13.9,0.0,40,23.4,Almora
2024-04-19,28.1,14.7,0.0,39,24.3,Almora
2024-04-20,28.4,13.5,0.0,34,14.6,Almora
2024-04-21,28.6,13.3,0.0,35,17.3,Almora
2024-04-22,26.2,14.6,0.0,35,14.5,Almora
2024-04-23,26.1,13.2,0.0,35,16.9,Almora
2024-04-24,26.8,12.7,0.0,34,18.6,Almora
2024-04-25,27.9,12.6,0.0,31,17.5,Almora
2024-04-26,30.2,15.2,0.0,29,24.9,Almora
2024-04-27,26.0,14.0,2.2,48,12.1,Almora
2024-04-28,26.7,12.0,0.0,43,18.2,Almora
2024-04-29,28.3,13.5,0.0,34,18.0,Almora
2024-04-30,28.2,13.3,0.0,39,18.1,Almora
2024-05-01,25.1,11.2,0.0,32,20.1,Almora
2024-05-02,27.4,11.1,0.0,29,18.4,Almora
2024-05-03,30.8,13.5,0.0,34,18.4,Almora
2024-05-04,29.9,16.9,0.1,33,22.3,Almora
2024-05-05,30.2,14.4,0.0,31,18.5,Almora
2024-05-06,29.8,15.2,0.0,33,13.7,Almora
2024-05-07,27.8,15.7,1.2,45,19.8,Almora
2024-05-08,25.0,14.5,3.2,65,15.1,Almora
2024-05-09,26.4,14.7,2.0,73,15.8,Almora
2024-05-10,26.0,14.1,1.0,69,15.6,Almora
2024-05-11,25.7,15.1,2.3,73,18.7,Almora
2024-05-12,25.3,13.5,1.0,77,20.6,Almora
2024-05-13,26.6,14.1,0.0,61,22.0,Almora
2024-05-14,28.7,14.0,0.0,46,17.5,Almora
2024-05-15,30.3,15.0,0.0,33,11.4,Almora
2024-05-16,30.1,15.8,0.0,38,16.8,Almora
2024-05-17,32.0,16.3,0.0,34,16.3,Almora
2024-05-18,32.9,17.4,0.0,35,19.2,Almora
2024-05-19,31.8,18.3,0.0,38,21.9,Almora
2024-05-20,29.6,17.1,0.0,48,20.9,Almora
2024-05-21,29.9,16.2,0.0,61,19.7,Almora
2024-05-22,27.4,16.2,2.6,73,17.3,Almora
2024-05-23,27.3,16.5,1.4,74,15.4,Almora
2024-05-24,27.2,16.4,1.1,77,11.9,Almora
2024-05-25,27.8,17.5,2.9,76,14.8,Almora
2024-05-26,29.7,17.1,0.3,70,13.8,Almora
2024-05-27,30.5,18.1,0.0,59,18.1,Almora
2024-05-28,32.7,17.4,0.0,40,20.3,Almora
2024-05-29,33.3,17.3,0.0,38,22.0,Almora
2024-05-30,32.8,18.4,0.0,38,19.7,Almora
2024-05-31,33.4,17.7,0.0,29,22.9,Almora
2024-06-01,33.1,17.5,0.0,34,24.3,Almora
2024-06-02,29.1,20.5,0.7,43,15.2,Almora
2024-06-03,30.7,17.4,0.0,48,20.2,Almora
2024-06-04,30.0,17.1,0.2,50,19.1,Almora
2024-06-05,31.1,17.1,0.0,48,25.2,Almora
2024-06-06,29.8,18.2,0.0,42,20.7,Almora
2024-06-07,31.1,17.3,0.0,44,21.3,Almora
2024-06-08,32.9,17.9,0.0,39,20.7,Almora
2024-06-09,32.7,18.6,0.0,39,19.5,Almora
2024-06-10,33.9,17.9,0.0,31,22.0,Almora
2024-06-11,33.0,21.2,0.0,25,21.4,Almora
2024-06-12,34.3,18.4,0.0,26,22.1,Almora
2024-06-13,34.7,19.7,0.0,27,21.3,Almora
2024-06-14,34.1,19.7,0.0,27,19.5,Almora
2024-06-15,33.7,19.8,0.0,30,19.4,Almora
2024-06-16,34.3,20.4,0.0,35,21.3,Almora
2024-06-17,34.2,21.3,0.0,33,22.9,Almora
2024-06-18,33.4,20.9,0.1,34,26.7,Almora
2024-06-19,33.2,22.0,0.4,40,23.4,Almora
2024-06-20,28.7,20.0,2.2,57,14.8,Almora
2024-06-21,30.6,19.1,0.0,63,19.9,Almora
2024-06-22,29.3,18.8,7.8,69,14.6,Almora
2024-06-23,29.9,19.7,2.6,71,14.3,Almora
2024-06-24,28.3,19.9,7.2,77,13.7,Almora
2024-06-25,29.2,19.4,4.3,77,9.4,Almora
2024-06-26,29.7,19.6,6.8,79,9.1,Almora
2024-06-27,23.4,19.6,8.3,88,10.1,Almora
2024-06-28,26.8,19.1,3.9,83,8.7,Almora
2024-06-29,27.6,18.9,7.9,86,10.9,Almora
2024-06-30,27.7,20.0,3.9,84,12.1,Almora
2020-04-01,16.1,6.4,0.2,61,8.6,Nainital
2020-04-02,15.6,5.7,1.1,52,12.5,Nainital
2020-04-03,15.5,4.3,0.0,56,9.0,Nainital
2020-04-04,16.4,7.1,0.0,50,11.2,Nainital
2020-04-05,16.5,7.6,0.0,47,10.3,Nainital
2020-04-06,18.2,6.5,0.2,49,13.6,Nainital
2020-04-07,18.9,6.2,0.0,45,12.1,Nainital
2020-04-08,17.4,8.0,3.1,46,15.7,Nainital
2020-04-09,16.9,6.6,0.0,52,8.8,Nainital
2020-04-10,18.2,9.8,1.9,51,9.6,Nainital
2020-04-11,19.1,10.2,0.0,46,12.3,Nainital
2020-04-12,19.9,8.3,0.0,49,8.9,Nainital
2020-04-13,20.3,11.6,0.0,52,9.6,Nainital
2020-04-14,18.9,10.7,0.7,61,7.9,Nainital
2020-04-15,18.5,10.6,2.2,63,9.9,Nainital
2020-04-16,19.0,10.2,1.5,59,11.6,Nainital
2020-04-17,16.8,10.6,1.2,54,10.4,Nainital
2020-04-18,17.8,6.1,4.1,62,11.3,Nainital
2020-04-19,16.0,9.9,0.7,55,9.0,Nainital
2020-04-20,16.9,7.6,2.1,60,10.0,Nainital
2020-04-21,14.5,5.5,9.1,77,10.5,Nainital
2020-04-22,13.9,7.9,7.1,74,9.2,Nainital
2020-04-23,15.2,8.8,3.0,71,9.4,Nainital
2020-04-24,15.8,9.3,1.7,72,8.4,Nainital
2020-04-25,15.8,9.3,5.8,74,7.0,Nainital
2020-04-26,14.0,8.4,11.6,84,6.8,Nainital
2020-04-27,14.1,7.3,15.3,88,10.3,Nainital
2020-04-28,15.0,7.6,6.6,83,6.4,Nainital
2020-04-29,14.4,8.1,3.6,90,7.7,Nainital
2020-04-30,16.1,8.4,5.9,89,8.2,Nainital
2020-05-01,16.4,10.0,4.5,90,7.2,Nainital
2020-05-02,16.9,10.0,5.3,90,7.7,Nainital
2020-05-03,16.6,9.3,7.0,90,7.7,Nainital
2020-05-04,16.1,9.2,11.2,87,6.2,Nainital
2020-05-05,15.9,8.6,6.0,81,6.7,Nainital
2020-05-06,14.9,6.8,4.0,87,8.7,Nainital
2020-05-07,16.1,6.9,5.3,74,12.2,Nainital
2020-05-08,18.0,8.1,0.0,71,10.0,Nainital
2020-05-09,18.4,10.3,0.2,71,8.4,Nainital
2020-05-10,17.1,8.7,5.1,76,11.2,Nainital
2020-05-11,16.4,8.6,4.2,76,7.2,Nainital
2020-05-12,17.3,7.9,5.9,83,9.1,Nainital
2020-05-13,19.2,11.2,0.9,74,7.7,Nainital
2020-05-14,19.0,9.4,3.3,78,7.8,Nainital
2020-05-15,20.9,14.0,0.3,51,13.0,Nainital
2020-05-16,21.0,14.3,0.0,50,9.1,Nainital
2020-05-17,22.1,12.3,0.0,43,11.8,Nainital
2020-05-18,22.1,12.4,0.0,38,12.3,Nainital
2020-05-19,21.6,12.3,0.0,34,11.2,Nainital
2020-05-20,21.7,13.1,0.0,36,9.4,Nainital
2020-05-21,21.3,12.3,0.0,52,9.4,Nainital
2020-05-22,21.9,11.9,0.1,59,11.7,Nainital
2020-05-23,22.4,13.9,0.2,60,13.0,Nainital
2020-05-24,23.9,16.3,0.0,35,12.6,Nainital
2020-05-25,23.9,15.4,0.0,36,10.5,Nainital
2020-05-26,25.2,16.7,0.0,35,13.0,Nainital
2020-05-27,24.8,14.6,0.0,43,11.3,Nainital
2020-05-28,22.3,12.1,7.3,68,7.6,Nainital
2020-05-29,17.4,11.3,6.7,84,8.6,Nainital
2020-05-30,16.5,11.0,12.3,87,8.7,Nainital
2020-05-31,15.4,10.5,10.4,83,6.2,Nainital
2020-06-01,15.9,10.1,17.1,91,8.2,Nainital
2020-06-02,18.8,12.2,0.2,70,9.2,Nainital
2020-06-03,18.5,11.2,2.2,70,6.1,Nainital
2020-06-04,17.4,10.5,1.0,83,7.0,Nainital
2020-06-05,16.2,10.5,11.0,81,5.8,Nainital
2020-06-06,17.2,9.3,2.7,86,8.4,Nainital
2020-06-07,18.7,11.2,2.6,83,8.1,Nainital
2020-06-08,19.3,12.6,1.9,79,5.9,Nainital
2020-06-09,20.5,13.4,1.8,84,9.2,Nainital
2020-06-10,19.7,14.1,4.3,87,8.0,Nainital
2020-06-11,19.4,14.2,7.1,92,7.6,Nainital
2020-06-12,20.1,13.3,2.6,87,6.0,Nainital
2020-06-13,20.0,13.5,5.2,90,7.0,Nainital
2020-06-14,19.4,13.6,7.5,91,7.3,Nainital
2020-06-15,20.3,13.8,2.3,94,7.4,Nainital
2020-06-16,20.9,12.9,0.6,89,8.5,Nainital
2020-06-17,19.0,14.6,16.5,92,6.1,Nainital
2020-06-18,19.9,15.2,5.2,92,7.6,Nainital
2020-06-19,19.7,14.8,5.6,92,7.6,Nainital
2020-06-20,19.8,14.6,5.4,93,7.1,Nainital
2020-06-21,18.4,13.6,5.5,91,7.4,Nainital
2020-06-22,19.2,12.7,2.7,90,8.4,Nainital
2020-06-23,19.0,13.8,24.4,91,6.0,Nainital
2020-06-24,19.0,13.5,12.7,93,4.1,Nainital
2020-06-25,20.0,14.2,16.8,94,9.5,Nainital
2020-06-26,20.1,14.2,1.9,88,9.0,Nainital
2020-06-27,19.6,15.1,3.5,86,10.1,Nainital
2020-06-28,20.1,15.0,7.6,93,10.1,Nainital
2020-06-29,19.4,15.3,23.2,96,7.9,Nainital
2020-06-30,19.9,13.7,2.1,89,8.3,Nainital
2021-04-01,17.6,6.7,0.0,31,15.1,Nainital
2021-04-02,17.3,4.0,0.0,33,14.8,Nainital
2021-04-03,17.4,3.9,0.0,27,14.3,Nainital
2021-04-04,19.7,7.2,0.0,29,12.5,Nainital
2021-04-05,21.1,10.4,0.0,35,13.5,Nainital
2021-04-06,20.5,8.8,1.5,47,10.9,Nainital
2021-04-07,17.2,7.3,7.9,58,16.6,Nainital
2021-04-08,19.5,8.4,0.0,38,14.4,Nainital
2021-04-09,19.9,8.1,0.0,29,12.5,Nainital
2021-04-10,20.3,9.4,0.0,22,12.6,Nainital
2021-04-11,21.2,8.7,0.0,23,12.7,Nainital
2021-04-12,21.2,10.7,0.9,30,13.1,Nainital
2021-04-13,21.9,10.4,0.0,31,13.7,Nainital
2021-04-14,23.5,10.2,0.1,26,15.6,Nainital
2021-04-15,23.1,14.8,0.0,22,11.3,Nainital
2021-04-16,22.9,12.5,0.0,25,13.6,Nainital
2021-04-17,14.7,7.7,12.2,68,12.1,Nainital
2021-04-18,18.3,7.5,0.5,52,12.6,Nainital
2021-04-19,20.0,6.6,0.3,43,17.7,Nainital
2021-04-20,20.8,7.5,1.7,36,15.5,Nainital
2021-04-21,13.7,6.3,16.2,76,13.0,Nainital
2021-04-22,12.8,4.4,13.7,79,9.9,Nainital
2021-04-23,14.9,4.9,10.3,72,14.3,Nainital
2021-04-24,16.7,5.0,5.9,71,11.5,Nainital
2021-04-25,20.5,5.5,0.1,49,9.8,Nainital
2021-04-26,21.8,9.1,0.0,33,10.4,Nainital
2021-04-27,22.2,11.9,0.0,30,9.4,Nainital
2021-04-28,23.0,14.4,0.8,33,9.7,Nainital
2021-04-29,19.8,13.4,3.0,43,11.4,Nainital
2021-04-30,19.9,12.2,6.0,56,11.2,Nainital
2021-05-01,18.9,12.3,0.2,57,10.2,Nainital
2021-05-02,19.5,11.7,9.5,61,8.3,Nainital
2021-05-03,16.2,10.6,3.9,73,7.0,Nainital
2021-05-04,19.1,10.5,11.3,74,11.3,Nainital
2021-05-05,17.2,11.1,4.6,73,9.9,Nainital
2021-05-06,17.5,10.1,5.4,81,7.7,Nainital
2021-05-07,16.5,8.7,8.2,80,9.1,Nainital
2021-05-08,17.2,9.2,5.5,74,8.0,Nainital
2021-05-09,16.9,10.0,8.2,73,7.9,Nainital
2021-05-10,17.6,10.8,8.0,75,9.0,Nainital
2021-05-11,17.7,10.2,3.6,75,10.2,Nainital
2021-05-12,15.8,8.4,2.4,82,8.3,Nainital
2021-05-13,15.6,7.6,12.1,87,6.9,Nainital
2021-05-14,17.7,7.5,0.4,69,10.1,Nainital
2021-05-15,19.2,10.5,2.5,68,10.2,Nainital
2021-05-16,21.7,13.2,0.0,46,7.7,Nainital
2021-05-17,21.0,13.8,0.0,51,6.4,Nainital
2021-05-18,17.7,12.5,1.5,74,7.2,Nainital
2021-05-19,12.8,10.8,28.4,88,10.9,Nainital
2021-05-20,13.6,11.1,116.6,93,12.1,Nainital
2021-05-21,17.8,10.2,10.3,88,8.3,Nainital
2021-05-22,20.4,9.2,0.0,63,7.6,Nainital
2021-05-23,20.5,10.4,0.2,68,9.6,Nainital
2021-05-24,19.7,11.8,0.4,59,7.5,Nainital
2021-05-25,21.7,11.0,0.0,59,6.5,Nainital
2021-05-26,20.6,14.0,0.6,67,9.4,Nainital
2021-05-27,19.2,12.5,1.2,82,9.0,Nainital
2021-05-28,20.4,11.4,3.1,87,5.9,Nainital
2021-05-29,18.6,12.9,10.8,93,7.9,Nainital
2021-05-30,18.9,12.8,8.6,87,9.2,Nainital
2021-05-31,19.6,12.4,3.9,87,8.5,Nainital
2021-06-01,19.2,11.9,7.0,75,10.6,Nainital
2021-06-02,18.5,10.5,8.2,82,8.1,Nainital
2021-06-03,19.7,13.3,1.6,73,6.4,Nainital
2021-06-04,20.4,11.2,1.4,67,6.8,Nainital
2021-06-05,19.9,15.0,0.0,67,6.6,Nainital
2021-06-06,21.3,13.5,3.8,77,8.8,Nainital
2021-06-07,21.7,13.4,0.5,69,8.3,Nainital
2021-06-08,22.4,16.7,0.6,69,9.9,Nainital
2021-06-09,20.0,15.3,4.1,85,9.7,Nainital
2021-06-10,18.9,13.4,18.8,91,8.0,Nainital
2021-06-11,19.6,13.6,6.9,91,8.7,Nainital
2021-06-12,19.3,13.2,13.4,93,8.2,Nainital
2021-06-13,19.2,12.2,2.2,87,7.7,Nainital
2021-06-14,18.1,11.9,3.1,88,7.2,Nainital
2021-06-15,18.6,12.5,7.2,93,7.0,Nainital
2021-06-16,19.5,13.0,21.8,94,9.6,Nainital
2021-06-17,17.8,13.0,17.5,92,9.3,Nainital
2021-06-18,17.3,13.8,66.8,92,8.8,Nainital
2021-06-19,16.6,13.7,28.9,92,10.1,Nainital
2021-06-20,17.1,12.6,12.4,94,5.5,Nainital
2021-06-21,20.3,13.1,10.2,93,7.1,Nainital
2021-06-22,20.6,13.9,0.5,86,8.2,Nainital
2021-06-23,20.5,14.2,4.1,90,7.8,Nainital
2021-06-24,19.7,13.1,5.8,98,7.9,Nainital
2021-06-25,19.5,13.3,4.0,90,7.6,Nainital
2021-06-26,19.1,13.5,12.6,92,6.2,Nainital
2021-06-27,20.0,13.5,8.7,93,7.3,Nainital
2021-06-28,20.2,14.5,3.5,92,7.4,Nainital
2021-06-29,22.5,15.0,1.0,82,10.6,Nainital
2021-06-30,22.6,15.5,0.0,67,14.6,Nainital
2022-04-01,21.3,8.9,0.0,43,11.2,Nainital
2022-04-02,20.4,9.6,0.0,43,12.4,Nainital
2022-04-03,21.2,10.3,0.0,33,12.5,Nainital
2022-04-04,22.4,10.2,0.0,30,10.9,Nainital
2022-04-05,21.8,11.0,0.0,31,11.7,Nainital
2022-04-06,22.2,11.1,0.0,36,11.8,Nainital
2022-04-07,21.7,12.1,0.0,34,11.5,Nainital
2022-04-08,22.1,13.9,0.0,35,12.2,Nainital
2022-04-09,22.9,12.5,0.0,34,13.9,Nainital
2022-04-10,23.0,12.1,0.0,36,13.9,Nainital
2022-04-11,22.7,12.5,0.0,41,11.2,Nainital
2022-04-12,23.7,12.7,0.0,49,13.5,Nainital
2022-04-13,23.7,14.1,0.4,45,11.2,Nainital
2022-04-14,20.6,11.4,2.6,39,10.8,Nainital
2022-04-15,20.4,11.4,2.6,34,13.4,Nainital
2022-04-16,21.8,9.7,0.3,34,13.7,Nainital
2022-04-17,22.4,11.2,0.1,30,11.9,Nainital
2022-04-18,24.2,10.8,0.0,32,13.5,Nainital
2022-04-19,24.8,13.3,0.0,28,17.3,Nainital
2022-04-20,24.6,15.9,0.0,26,14.8,Nainital
2022-04-21,20.6,12.0,3.7,46,12.4,Nainital
2022-04-22,21.0,11.9,0.7,44,13.0,Nainital
2022-04-23,22.6,8.9,0.0,38,13.7,Nainital
2022-04-24,22.6,11.1,0.0,27,14.2,Nainital
2022-04-25,23.5,11.7,0.0,28,15.0,Nainital
2022-04-26,24.1,13.0,0.1,27,12.4,Nainital
2022-04-27,24.2,14.0,0.0,29,12.8,Nainital
2022-04-28,24.3,15.3,0.0,32,11.5,Nainital
2022-04-29,24.8,13.1,0.0,31,15.8,Nainital
2022-04-30,24.2,14.9,0.0,35,14.8,Nainital
2022-05-01,20.7,12.9,6.5,58,12.3,Nainital
2022-05-02,19.5,12.1,4.5,69,11.8,Nainital
2022-05-03,20.2,11.7,2.2,72,7.9,Nainital
2022-05-04,18.8,12.5,10.2,73,9.8,Nainital
2022-05-05,17.7,11.3,5.3,68,10.2,Nainital
2022-05-06,18.3,13.0,1.5,62,12.3,Nainital
2022-05-07,19.4,11.7,1.1,71,11.4,Nainital
2022-05-08,18.9,12.1,3.2,71,10.8,Nainital
2022-05-09,19.6,11.0,4.4,75,8.1,Nainital
2022-05-10,18.9,10.3,9.1,79,8.4,Nainital
2022-05-11,19.2,12.7,6.0,79,7.1,Nainital
2022-05-12,19.9,12.4,5.6,79,9.3,Nainital
2022-05-13,20.7,13.1,4.4,77,11.3,Nainital
2022-05-14,22.5,13.3,0.2,63,14.3,Nainital
2022-05-15,24.6,15.0,0.0,61,14.5,Nainital
2022-05-16,22.4,14.6,4.8,65,6.7,Nainital
2022-05-17,19.7,11.0,4.1,66,10.7,Nainital
2022-05-18,21.2,13.9,0.7,53,10.9,Nainital
2022-05-19,22.4,14.8,0.0,52,11.0,Nainital
2022-05-20,23.9,16.1,1.0,49,12.9,Nainital
2022-05-21,22.6,14.6,0.3,46,15.1,Nainital
2022-05-22,19.5,11.5,11.2,62,8.5,Nainital
2022-05-23,15.3,10.4,12.6,77,15.8,Nainital
2022-05-24,16.4,9.5,7.0,76,9.4,Nainital
2022-05-25,18.2,9.7,2.7,68,9.8,Nainital
2022-05-26,18.3,11.7,2.0,65,7.4,Nainital
2022-05-27,19.7,13.5,3.3,70,11.1,Nainital
2022-05-28,19.5,12.5,4.4,80,8.0,Nainital
2022-05-29,20.5,12.9,5.1,82,9.3,Nainital
2022-05-30,22.0,12.5,0.2,77,11.2,Nainital
2022-05-31,21.6,13.5,0.3,63,10.2,Nainital
2022-06-01,23.8,13.2,0.0,53,11.9,Nainital
2022-06-02,24.1,16.2,0.0,36,14.8,Nainital
2022-06-03,24.2,16.5,0.0,33,13.1,Nainital
2022-06-04,24.3,14.3,0.0,34,13.0,Nainital
2022-06-05,25.3,16.5,0.0,37,15.3,Nainital
2022-06-06,24.9,15.5,0.0,41,13.5,Nainital
2022-06-07,24.4,17.5,0.0,48,14.3,Nainital
2022-06-08,25.1,16.5,0.3,47,14.8,Nainital
2022-06-09,24.3,16.9,0.0,45,13.1,Nainital
2022-06-10,24.6,15.8,0.2,48,15.5,Nainital
2022-06-11,24.9,17.0,1.5,50,15.3,Nainital
2022-06-12,25.1,16.8,0.3,49,14.8,Nainital
2022-06-13,26.2,17.3,0.0,42,14.1,Nainital
2022-06-14,26.1,17.3,0.0,46,14.6,Nainital
2022-06-15,26.2,15.4,0.3,56,14.4,Nainital
2022-06-16,22.7,15.9,6.8,64,11.3,Nainital
2022-06-17,21.2,13.4,6.0,79,9.2,Nainital
2022-06-18,22.2,12.6,0.8,72,9.2,Nainital
2022-06-19,20.3,13.6,1.9,71,7.8,Nainital
2022-06-20,18.6,11.9,9.7,82,8.0,Nainital
2022-06-21,19.2,10.7,5.0,80,10.0,Nainital
2022-06-22,21.2,11.7,2.0,79,7.9,Nainital
2022-06-23,21.8,13.8,1.2,74,9.9,Nainital
2022-06-24,20.4,13.7,2.5,76,8.2,Nainital
2022-06-25,21.4,14.0,7.1,75,8.9,Nainital
2022-06-26,21.0,14.3,11.7,89,7.3,Nainital
2022-06-27,21.0,14.8,5.6,89,8.1,Nainital
2022-06-28,21.3,15.3,5.3,90,9.7,Nainital
2022-06-29,19.9,15.3,22.3,95,7.4,Nainital
2022-06-30,18.8,14.8,34.4,90,11.7,Nainital
2023-04-01,9.5,3.7,11.7,86,11.2,Nainital
2023-04-02,11.4,4.0,0.8,80,10.7,Nainital
2023-04-03,15.3,5.5,0.3,58,12.1,Nainital
2023-04-04,13.2,7.1,3.6,61,7.6,Nainital
2023-04-05,15.4,5.4,0.0,50,10.7,Nainital
2023-04-06,15.7,4.4,0.0,48,11.8,Nainital
2023-04-07,17.8,5.1,0.0,53,9.3,Nainital
2023-04-08,17.4,6.4,0.2,49,10.8,Nainital
2023-04-09,17.3,9.3,1.0,47,10.1,Nainital
2023-04-10,18.1,7.0,0.0,42,12.5,Nainital
2023-04-11,19.5,6.8,0.0,45,9.8,Nainital
2023-04-12,20.3,9.0,0.0,40,12.2,Nainital
2023-04-13,21.1,10.4,0.0,37,10.4,Nainital
2023-04-14,21.9,13.0,0.0,32,12.0,Nainital
2023-04-15,22.0,13.4,0.8,35,9.9,Nainital
2023-04-16,21.9,12.3,0.0,34,11.2,Nainital
2023-04-17,23.2,11.8,0.0,36,11.4,Nainital
2023-04-18,23.7,13.0,0.0,36,11.6,Nainital
2023-04-19,22.5,10.7,0.2,43,13.6,Nainital
2023-04-20,15.3,9.4,1.6,65,11.3,Nainital
2023-04-21,17.7,6.6,12.0,62,10.9,Nainital
2023-04-22,16.7,6.2,0.4,45,8.5,Nainital
2023-04-23,17.4,8.1,3.3,39,13.8,Nainital
2023-04-24,14.3,6.5,7.2,59,10.7,Nainital
2023-04-25,16.0,5.7,0.6,65,9.0,Nainital
2023-04-26,16.5,8.9,4.6,61,10.0,Nainital
2023-04-27,15.7,9.4,4.1,58,6.8,Nainital
2023-04-28,17.0,9.5,0.1,55,8.4,Nainital
2023-04-29,18.4,9.3,7.1,64,10.7,Nainital
2023-04-30,14.6,7.5,15.6,80,12.3,Nainital
2023-05-01,12.5,7.2,12.9,86,12.9,Nainital
2023-05-02,12.8,6.0,11.6,85,7.0,Nainital
2023-05-03,13.5,6.2,5.7,78,11.1,Nainital
2023-05-04,14.6,5.5,2.7,83,6.9,Nainital
2023-05-05,15.1,8.0,0.6,78,9.0,Nainital
2023-05-06,19.0,9.2,0.3,62,13.2,Nainital
2023-05-07,19.2,8.4,0.5,53,11.5,Nainital
2023-05-08,18.1,8.0,1.2,47,11.2,Nainital
2023-05-09,18.2,8.7,0.8,42,10.8,Nainital
2023-05-10,18.7,8.9,0.0,41,11.1,Nainital
2023-05-11,19.9,9.7,0.0,45,8.4,Nainital
2023-05-12,21.7,9.9,0.0,44,11.1,Nainital
2023-05-13,22.6,11.4,0.0,40,10.9,Nainital
2023-05-14,21.4,14.1,1.5,41,10.1,Nainital
2023-05-15,22.1,12.7,2.1,39,11.8,Nainital
2023-05-16,24.2,11.2,0.0,38,16.0,Nainital
2023-05-17,22.9,15.7,0.2,36,14.1,Nainital
2023-05-18,22.9,10.8,0.0,47,17.7,Nainital
2023-05-19,21.4,10.6,0.0,48,14.8,Nainital
2023-05-20,21.3,12.1,0.7,50,14.1,Nainital
2023-05-21,23.7,12.1,0.0,44,13.2,Nainital
2023-05-22,24.0,15.0,0.2,41,11.9,Nainital
2023-05-23,22.9,14.0,1.4,60,12.4,Nainital
2023-05-24,18.2,12.2,14.1,76,8.8,Nainital
2023-05-25,16.6,9.3,25.0,81,11.3,Nainital
2023-05-26,16.9,7.9,1.5,81,9.7,Nainital
2023-05-27,19.7,9.0,0.3,71,9.5,Nainital
2023-05-28,19.8,11.8,0.0,54,8.2,Nainital
2023-05-29,19.3,10.0,6.3,71,9.4,Nainital
2023-05-30,19.9,11.3,4.5,72,11.0,Nainital
2023-05-31,17.5,10.6,17.7,74,14.1,Nainital
2023-06-01,20.2,11.4,0.9,62,7.7,Nainital
2023-06-02,19.4,10.9,0.2,56,9.3,Nainital
2023-06-03,20.0,10.6,0.1,54,9.4,Nainital
2023-06-04,22.8,11.3,0.0,50,10.3,Nainital
2023-06-05,19.7,13.3,2.3,61,7.1,Nainital
2023-06-06,19.7,13.0,7.4,58,8.0,Nainital
2023-06-07,21.5,13.4,0.4,49,7.3,Nainital
2023-06-08,23.4,12.6,0.3,47,9.4,Nainital
2023-06-09,24.3,13.1,0.8,45,7.4,Nainital
2023-06-10,24.4,15.0,0.0,46,10.2,Nainital
2023-06-11,24.3,15.9,0.6,55,10.6,Nainital
2023-06-12,24.1,13.9,0.2,63,10.3,Nainital
2023-06-13,25.5,15.1,0.7,57,17.4,Nainital
2023-06-14,24.0,14.3,2.5,60,18.2,Nainital
2023-06-15,23.5,15.1,0.7,60,17.7,Nainital
2023-06-16,23.6,13.6,0.4,62,12.4,Nainital
2023-06-17,23.6,15.2,0.2,65,12.9,Nainital
2023-06-18,23.2,15.7,7.2,70,9.8,Nainital
2023-06-19,22.8,15.0,2.4,70,9.5,Nainital
2023-06-20,22.3,15.2,10.3,81,7.5,Nainital
2023-06-21,21.1,14.0,13.2,85,7.3,Nainital
2023-06-22,21.0,14.8,5.2,89,8.7,Nainital
2023-06-23,20.9,15.6,4.9,90,7.6,Nainital
2023-06-24,21.1,15.4,2.9,89,9.4,Nainital
2023-06-25,19.7,15.4,21.8,90,7.0,Nainital
2023-06-26,20.0,14.2,6.4,86,11.2,Nainital
2023-06-27,20.6,14.6,1.9,80,9.8,Nainital
2023-06-28,20.1,14.9,10.3,86,7.4,Nainital
2023-06-29,19.4,13.7,20.1,90,5.8,Nainital
2023-06-30,18.8,14.3,40.9,93,5.5,Nainital
2024-04-01,18.1,7.7,0.0,54,10.6,Nainital
2024-04-02,18.9,7.0,0.0,47,11.1,Nainital
2024-04-03,19.8,6.8,0.0,34,13.4,Nainital
2024-04-04,19.1,7.2,0.5,42,15.3,Nainital
2024-04-05,19.7,10.5,0.9,36,17.3,Nainital
2024-04-06,19.3,9.4,0.3,34,13.1,Nainital
2024-04-07,18.9,9.2,0.0,30,12.0,Nainital
2024-04-08,19.2,9.9,0.0,27,14.3,Nainital
2024-04-09,19.2,9.1,0.1,29,10.8,Nainital
2024-04-10,20.8,9.4,0.0,27,11.9,Nainital
2024-04-11,21.1,10.8,2.4,31,14.2,Nainital
2024-04-12,20.1,10.2,0.2,33,10.4,Nainital
2024-04-13,20.5,13.1,0.2,32,9.4,Nainital
2024-04-14,19.7,11.3,0.0,41,11.4,Nainital
2024-04-15,20.2,11.8,0.2,52,11.9,Nainital
2024-04-16,20.6,9.3,0.0,54,13.8,Nainital
2024-04-17,20.8,7.3,0.0,52,12.8,Nainital
2024-04-18,21.4,9.1,0.0,47,17.8,Nainital
2024-04-19,22.0,9.6,0.5,45,16.3,Nainital
2024-04-20,21.6,10.2,0.0,38,14.3,Nainital
2024-04-21,21.5,11.1,0.0,39,13.8,Nainital
2024-04-22,19.9,9.0,0.0,39,13.8,Nainital
2024-04-23,20.6,12.2,0.0,32,13.4,Nainital
2024-04-24,21.0,8.9,0.0,36,16.5,Nainital
2024-04-25,22.4,9.7,0.0,33,13.8,Nainital
2024-04-26,24.0,11.5,0.0,29,18.0,Nainital
2024-04-27,21.6,9.0,2.9,49,9.8,Nainital
2024-04-28,21.5,10.8,0.0,35,13.0,Nainital
2024-04-29,22.3,11.0,0.0,35,15.3,Nainital
2024-04-30,22.2,8.8,0.0,43,15.2,Nainital
2024-05-01,19.1,6.7,0.2,38,18.4,Nainital
2024-05-02,20.9,4.9,0.0,36,11.9,Nainital
2024-05-03,22.8,8.3,0.0,35,11.8,Nainital
2024-05-04,24.5,12.4,0.1,34,16.9,Nainital
2024-05-05,24.8,13.0,0.0,29,14.9,Nainital
2024-05-06,23.0,14.5,0.1,30,10.0,Nainital
2024-05-07,20.3,13.7,2.5,47,12.2,Nainital
2024-05-08,19.2,10.5,5.4,69,8.9,Nainital
2024-05-09,18.9,10.8,4.0,74,9.7,Nainital
2024-05-10,20.1,10.6,1.3,69,10.1,Nainital
2024-05-11,18.8,11.2,8.4,77,10.0,Nainital
2024-05-12,19.4,10.7,9.3,76,9.4,Nainital
2024-05-13,20.5,12.3,0.5,61,13.7,Nainital
2024-05-14,22.4,11.5,0.0,41,12.1,Nainital
2024-05-15,23.4,16.0,0.0,27,9.5,Nainital
2024-05-16,24.7,13.8,0.0,34,10.9,Nainital
2024-05-17,25.2,14.5,0.0,38,10.5,Nainital
2024-05-18,25.8,15.9,0.0,34,15.0,Nainital
2024-05-19,24.7,17.7,0.0,38,14.7,Nainital
2024-05-20,23.1,14.0,2.2,57,11.2,Nainital
2024-05-21,21.8,13.0,1.1,66,9.7,Nainital
2024-05-22,21.1,13.1,2.3,73,9.0,Nainital
2024-05-23,20.8,13.2,6.3,77,8.1,Nainital
2024-05-24,21.7,14.7,3.2,71,7.5,Nainital
2024-05-25,22.5,14.2,2.0,74,8.6,Nainital
2024-05-26,23.0,15.2,0.8,64,7.8,Nainital
2024-05-27,24.9,15.5,0.8,57,12.4,Nainital
2024-05-28,25.8,15.3,0.0,38,13.9,Nainital
2024-05-29,26.9,16.4,0.0,32,12.4,Nainital
2024-05-30,26.9,18.4,0.0,33,13.0,Nainital
2024-05-31,27.2,16.6,0.0,31,15.3,Nainital
2024-06-01,26.5,17.5,0.0,33,14.9,Nainital
2024-06-02,23.5,17.1,0.8,45,13.0,Nainital
2024-06-03,23.0,15.1,0.6,53,10.8,Nainital
2024-06-04,23.1,15.5,1.0,48,12.9,Nainital
2024-06-05,24.4,14.9,3.4,54,15.5,Nainital
2024-06-06,23.6,14.4,0.0,51,14.8,Nainital
2024-06-07,24.7,14.5,0.0,47,13.8,Nainital
2024-06-08,26.0,16.6,0.0,39,15.1,Nainital
2024-06-09,25.7,14.1,0.0,39,13.0,Nainital
2024-06-10,26.5,18.5,0.0,27,15.0,Nainital
2024-06-11,27.3,18.6,0.0,26,15.7,Nainital
2024-06-12,26.9,17.3,0.0,30,15.9,Nainital
2024-06-13,27.7,16.7,0.0,33,14.8,Nainital
2024-06-14,28.0,16.5,0.0,32,15.0,Nainital
2024-06-15,27.7,16.3,0.0,35,15.7,Nainital
2024-06-16,27.8,16.9,0.0,39,16.2,Nainital
2024-06-17,28.1,18.1,0.0,37,16.8,Nainital
2024-06-18,27.8,18.1,0.0,38,18.8,Nainital
2024-06-19,26.8,18.9,1.2,47,16.5,Nainital
2024-06-20,22.1,16.4,1.6,65,8.6,Nainital
2024-06-21,23.0,15.1,1.0,73,11.8,Nainital
2024-06-22,21.3,15.3,4.3,80,8.4,Nainital
2024-06-23,22.9,15.3,6.7,82,8.6,Nainital
2024-06-24,21.9,15.2,13.2,83,9.5,Nainital
2024-06-25,21.6,15.6,5.3,84,7.3,Nainital
2024-06-26,22.2,14.7,7.2,88,8.6,Nainital
2024-06-27,19.1,15.5,11.7,91,9.3,Nainital
2024-06-28,21.7,14.9,4.3,88,7.4,Nainital
2024-06-29,20.2,14.6,6.7,91,7.2,Nainital
2024-06-30,19.8,15.7,11.9,91,6.3,Nainital
